{"@type":"Flow","@id":"00143719-33a7-5738-aa1b-131f97b4fef3","name":"Silicon, in ground","description":"EcoSpold 2 elementary exchange, ID \u003d 00143719-33a7-5738-aa1b-131f97b4fef3","category":"Elementary flows/Resource/in ground","version":"00.00.000","flowType":"ELEMENTARY_FLOW","cas":"","formula":"","isInfrastructureFlow":false,"flowProperties":[{"@type":"FlowPropertyFactor","isRefFlowProperty":true,"flowProperty":{"@type":"FlowProperty","@id":"93a60a56-a3c8-11da-a746-0800200b9a66","name":"Mass","category":"Technical flow properties","refUnit":"kg"},"conversionFactor":1.0}]}