{"@type":"Flow","@id":"033d3a16-e1a2-4ce8-8769-f4ea867801ca","name":"Ethane, 1,1-dichloro-1-fluoro-, HCFC-141b","description":"","category":"Elementary flows/Emission to air/high population density","version":"00.00.000","flowType":"ELEMENTARY_FLOW","cas":"001717-00-6","formula":"C2H3Cl2F","isInfrastructureFlow":false,"flowProperties":[{"@type":"FlowPropertyFactor","isRefFlowProperty":true,"flowProperty":{"@type":"FlowProperty","@id":"93a60a56-a3c8-11da-a746-0800200b9a66","name":"Mass","category":"Technical flow properties","refUnit":"kg"},"conversionFactor":1.0}]}