{"@type":"Flow","@id":"050da0cd-2957-45a9-ae7a-ace372083fe5","name":"Ethane, 2,2-dichloro-1,1,1-trifluoro-, HCFC-123","description":"","category":"Elementary flows/Emission to air/unspecified","version":"00.00.000","flowType":"ELEMENTARY_FLOW","cas":"000306-83-2","formula":"C2HCl2F3","isInfrastructureFlow":false,"flowProperties":[{"@type":"FlowPropertyFactor","isRefFlowProperty":true,"flowProperty":{"@type":"FlowProperty","@id":"93a60a56-a3c8-11da-a746-0800200b9a66","name":"Mass","category":"Technical flow properties","refUnit":"kg"},"conversionFactor":1.0}]}