{"@type":"Flow","@id":"06c8168d-a28d-4e23-9505-a0fb462f9367","name":"Acrylonitrile","description":"","category":"Elementary flows/Emission to water/ocean","version":"00.00.000","flowType":"ELEMENTARY_FLOW","cas":"000107-13-1","formula":"CH2CHCN","isInfrastructureFlow":false,"flowProperties":[{"@type":"FlowPropertyFactor","isRefFlowProperty":true,"flowProperty":{"@type":"FlowProperty","@id":"93a60a56-a3c8-11da-a746-0800200b9a66","name":"Mass","category":"Technical flow properties","refUnit":"kg"},"conversionFactor":1.0}]}