{"@type":"Flow","@id":"0e2f5e72-a754-5a14-bce5-6f8d66276d82","name":"Caesium","description":"EcoSpold 2 elementary exchange, ID \u003d 0e2f5e72-a754-5a14-bce5-6f8d66276d82","category":"Elementary flows/Resource/in ground","version":"00.00.000","flowType":"ELEMENTARY_FLOW","cas":"7440-46-2","formula":"Cs","synonyms":"cesium","isInfrastructureFlow":false,"flowProperties":[{"@type":"FlowPropertyFactor","isRefFlowProperty":true,"flowProperty":{"@type":"FlowProperty","@id":"93a60a56-a3c8-11da-a746-0800200b9a66","name":"Mass","category":"Technical flow properties","refUnit":"kg"},"conversionFactor":1.0}]}