{"@type":"Flow","@id":"11b0eeb3-4f67-4fd5-91ef-1d38ea4dd79a","name":"Atrazine","description":"","category":"Elementary flows/Emission to soil/forestry","version":"00.00.000","flowType":"ELEMENTARY_FLOW","cas":"001912-24-9","formula":"C8H14ClN5","isInfrastructureFlow":false,"flowProperties":[{"@type":"FlowPropertyFactor","isRefFlowProperty":true,"flowProperty":{"@type":"FlowProperty","@id":"93a60a56-a3c8-11da-a746-0800200b9a66","name":"Mass","category":"Technical flow properties","refUnit":"kg"},"conversionFactor":1.0}]}