{"@type":"Flow","@id":"16fcd4f9-0bb8-4b84-8334-3ffb1a17aa74","name":"Ethane, 1,1,1,2-tetrafluoro-, HFC-134a","description":"","category":"Elementary flows/Emission to air/low population density","version":"00.00.000","flowType":"ELEMENTARY_FLOW","cas":"000811-97-2","formula":"C2H2F4","isInfrastructureFlow":false,"flowProperties":[{"@type":"FlowPropertyFactor","isRefFlowProperty":true,"flowProperty":{"@type":"FlowProperty","@id":"93a60a56-a3c8-11da-a746-0800200b9a66","name":"Mass","category":"Technical flow properties","refUnit":"kg"},"conversionFactor":1.0}]}