{"@type":"Flow","@id":"17f7e776-7934-54af-8c3c-ed0247cb697b","name":"Nitric oxide","description":"EcoSpold 2 elementary exchange, ID \u003d 17f7e776-7934-54af-8c3c-ed0247cb697b","category":"Elementary flows/Emission to air/unspecified","version":"00.00.000","flowType":"ELEMENTARY_FLOW","cas":"","formula":"","isInfrastructureFlow":false,"flowProperties":[{"@type":"FlowPropertyFactor","isRefFlowProperty":true,"flowProperty":{"@type":"FlowProperty","@id":"93a60a56-a3c8-11da-a746-0800200b9a66","name":"Mass","category":"Technical flow properties","refUnit":"kg"},"conversionFactor":1.0}]}