{"@type":"Flow","@id":"1b6a35b8-f6c8-404d-9c0e-e09b8fdb2d9e","name":"Methane, dichloro-, HCC-30","description":"","category":"Elementary flows/Emission to water/surface water","version":"00.00.000","flowType":"ELEMENTARY_FLOW","cas":"000075-09-2","formula":"CH2Cl2","isInfrastructureFlow":false,"flowProperties":[{"@type":"FlowPropertyFactor","isRefFlowProperty":true,"flowProperty":{"@type":"FlowProperty","@id":"93a60a56-a3c8-11da-a746-0800200b9a66","name":"Mass","category":"Technical flow properties","refUnit":"kg"},"conversionFactor":1.0}]}