{"@type":"Flow","@id":"1c46f06d-6ad5-3a2b-b6a3-c694ae3f2153","name":"Mercury II","description":"EcoSpold 2 elementary exchange, ID \u003d ed2d49f8-110d-4db4-9488-f61c349e6117","category":"Elementary flows/Emission to soil/agricultural","version":"00.00.000","flowType":"ELEMENTARY_FLOW","cas":"14302-87-5","formula":"Hg+2","synonyms":"mercury ion; mercury; mercury (+2)","isInfrastructureFlow":false,"flowProperties":[{"@type":"FlowPropertyFactor","isRefFlowProperty":true,"flowProperty":{"@type":"FlowProperty","@id":"93a60a56-a3c8-11da-a746-0800200b9a66","name":"Mass","category":"Technical flow properties","refUnit":"kg"},"conversionFactor":1.0}]}