{"@type":"Flow","@id":"2256cd1c-760f-43b0-aa1c-5229ba199150","name":"Ethene, chloro-","description":"","category":"Elementary flows/Emission to air/low population density","version":"00.00.000","flowType":"ELEMENTARY_FLOW","cas":"000075-01-4","formula":"CH2CHCl","isInfrastructureFlow":false,"flowProperties":[{"@type":"FlowPropertyFactor","isRefFlowProperty":true,"flowProperty":{"@type":"FlowProperty","@id":"93a60a56-a3c8-11da-a746-0800200b9a66","name":"Mass","category":"Technical flow properties","refUnit":"kg"},"conversionFactor":1.0}]}