{"@type":"Flow","@id":"247f3d96-7da2-5adf-a399-65745bc042fb","name":"Magnesium","description":"Formula: Mg","category":"Elementary flows/Resource/in water","version":"00.00.000","flowType":"ELEMENTARY_FLOW","cas":"007439-95-4","formula":"","isInfrastructureFlow":false,"flowProperties":[{"@type":"FlowPropertyFactor","isRefFlowProperty":true,"flowProperty":{"@type":"FlowProperty","@id":"93a60a56-a3c8-11da-a746-0800200b9a66","name":"Mass","category":"Technical flow properties","refUnit":"kg"},"conversionFactor":1.0}]}