{"@type":"Flow","@id":"36a3d172-7373-507f-85bd-12b8ba31a6d4","name":"Iodine, in water","description":"EcoSpold 2 elementary exchange, ID \u003d 36a3d172-7373-507f-85bd-12b8ba31a6d4","category":"Elementary flows/Resource/in water","version":"00.00.000","flowType":"ELEMENTARY_FLOW","cas":"","formula":"","isInfrastructureFlow":false,"flowProperties":[{"@type":"FlowPropertyFactor","isRefFlowProperty":true,"flowProperty":{"@type":"FlowProperty","@id":"93a60a56-a3c8-11da-a746-0800200b9a66","name":"Mass","category":"Technical flow properties","refUnit":"kg"},"conversionFactor":1.0}]}