{"@type":"Flow","@id":"3a6c936c-0276-4f11-9d98-1bd011387a6e","name":"Propane","description":"","category":"Elementary flows/Emission to air/unspecified","version":"00.00.000","flowType":"ELEMENTARY_FLOW","cas":"000074-98-6","formula":"C3H8","isInfrastructureFlow":false,"flowProperties":[{"@type":"FlowPropertyFactor","isRefFlowProperty":true,"flowProperty":{"@type":"FlowProperty","@id":"93a60a56-a3c8-11da-a746-0800200b9a66","name":"Mass","category":"Technical flow properties","refUnit":"kg"},"conversionFactor":1.0}]}