{"@type":"Flow","@id":"3d59d864-b6c3-4315-ab21-2c2ba2119ad1","name":"t-Butyl methyl ether","description":"","category":"Elementary flows/Emission to water/unspecified","version":"00.00.000","flowType":"ELEMENTARY_FLOW","cas":"001634-04-4","formula":"C5H12O","isInfrastructureFlow":false,"flowProperties":[{"@type":"FlowPropertyFactor","isRefFlowProperty":true,"flowProperty":{"@type":"FlowProperty","@id":"93a60a56-a3c8-11da-a746-0800200b9a66","name":"Mass","category":"Technical flow properties","refUnit":"kg"},"conversionFactor":1.0}]}