{"@type":"Flow","@id":"46b0ed21-8557-4a81-87cc-f099c573fbdb","name":"p-Nitrotoluene","description":"EcoSpold 2 elementary exchange, ID \u003d 46b0ed21-8557-4a81-87cc-f099c573fbdb","category":"Elementary flows/Emission to water/unspecified","version":"00.00.000","flowType":"ELEMENTARY_FLOW","cas":"99-99-0","formula":"C7H7NO2","synonyms":"4-nitrotoluene","isInfrastructureFlow":false,"flowProperties":[{"@type":"FlowPropertyFactor","isRefFlowProperty":true,"flowProperty":{"@type":"FlowProperty","@id":"93a60a56-a3c8-11da-a746-0800200b9a66","name":"Mass","category":"Technical flow properties","refUnit":"kg"},"conversionFactor":1.0}]}