{"@type":"Flow","@id":"4803f22f-6950-489b-914d-fa953a8081f6","name":"Rhodium, in ground","description":"EcoSpold 2 elementary exchange, ID \u003d 4803f22f-6950-489b-914d-fa953a8081f6","category":"Elementary flows/Resource/in ground","version":"00.00.000","flowType":"ELEMENTARY_FLOW","cas":"","formula":"","isInfrastructureFlow":false,"flowProperties":[{"@type":"FlowPropertyFactor","isRefFlowProperty":true,"flowProperty":{"@type":"FlowProperty","@id":"93a60a56-a3c8-11da-a746-0800200b9a66","name":"Mass","category":"Technical flow properties","refUnit":"kg"},"conversionFactor":1.0}]}