{"@type":"Flow","@id":"4ac2ffc3-312e-4e2d-88c4-2630d4a73d8c","name":"Methane, bromotrifluoro-, Halon 1301","description":"","category":"Elementary flows/Emission to air/unspecified","version":"00.00.000","flowType":"ELEMENTARY_FLOW","cas":"000075-63-8","formula":"CBrF3","isInfrastructureFlow":false,"flowProperties":[{"@type":"FlowPropertyFactor","isRefFlowProperty":true,"flowProperty":{"@type":"FlowProperty","@id":"93a60a56-a3c8-11da-a746-0800200b9a66","name":"Mass","category":"Technical flow properties","refUnit":"kg"},"conversionFactor":1.0}]}