{"@type":"Flow","@id":"4c44e04f-9b3d-4389-bf08-1bddf9dfa9e7","name":"Fosetyl-aluminium","description":"EcoSpold 2 elementary exchange, ID \u003d 4c44e04f-9b3d-4389-bf08-1bddf9dfa9e7","category":"Elementary flows/Emission to soil/agricultural","version":"00.00.000","flowType":"ELEMENTARY_FLOW","cas":"","formula":"","isInfrastructureFlow":false,"flowProperties":[{"@type":"FlowPropertyFactor","isRefFlowProperty":true,"flowProperty":{"@type":"FlowProperty","@id":"93a60a56-a3c8-11da-a746-0800200b9a66","name":"Mass","category":"Technical flow properties","refUnit":"kg"},"conversionFactor":1.0}]}