{"@type":"Flow","@id":"4faa4d31-ffc8-4b5a-bdbc-6bda84133793","name":"Benzo(ghi)perylene","description":"EcoSpold 2 elementary exchange, ID \u003d 4faa4d31-ffc8-4b5a-bdbc-6bda84133793","category":"Elementary flows/Emission to air/low population density","version":"00.00.000","flowType":"ELEMENTARY_FLOW","cas":"191-24-2","formula":"C22H12","synonyms":"","isInfrastructureFlow":false,"flowProperties":[{"@type":"FlowPropertyFactor","isRefFlowProperty":true,"flowProperty":{"@type":"FlowProperty","@id":"93a60a56-a3c8-11da-a746-0800200b9a66","name":"Mass","category":"Technical flow properties","refUnit":"kg"},"conversionFactor":1.0}]}