{"@type":"Flow","@id":"51f57752-1155-4835-9cbe-95c73f06f2a9","name":"o-Nitrotoluene","description":"","category":"Elementary flows/Emission to air/low population density, long-term","version":"00.00.000","flowType":"ELEMENTARY_FLOW","cas":"000088-72-2","formula":"C7H7NO2","isInfrastructureFlow":false,"flowProperties":[{"@type":"FlowPropertyFactor","isRefFlowProperty":true,"flowProperty":{"@type":"FlowProperty","@id":"93a60a56-a3c8-11da-a746-0800200b9a66","name":"Mass","category":"Technical flow properties","refUnit":"kg"},"conversionFactor":1.0}]}