{"@type":"Flow","@id":"5357f101-f2df-5f6e-b534-f1705b597773","name":"2-Phenylphenol","description":"","category":"Elementary flows/Emission to soil/agricultural","version":"00.00.000","flowType":"ELEMENTARY_FLOW","cas":"000090-43-7","formula":"","isInfrastructureFlow":false,"flowProperties":[{"@type":"FlowPropertyFactor","isRefFlowProperty":true,"flowProperty":{"@type":"FlowProperty","@id":"93a60a56-a3c8-11da-a746-0800200b9a66","name":"Mass","category":"Technical flow properties","refUnit":"kg"},"conversionFactor":1.0}]}