{"@type":"Flow","@id":"5a4f1f3d-6dda-4f61-b7ee-88ed61f2152a","name":"Benz(a)anthracene","description":"EcoSpold 2 elementary exchange, ID \u003d 5a4f1f3d-6dda-4f61-b7ee-88ed61f2152a","category":"Elementary flows/Emission to air/low population density","version":"00.00.000","flowType":"ELEMENTARY_FLOW","cas":"56-55-3","formula":"C18H12","synonyms":"tetraphene; benzo[a]anthracene","isInfrastructureFlow":false,"flowProperties":[{"@type":"FlowPropertyFactor","isRefFlowProperty":true,"flowProperty":{"@type":"FlowProperty","@id":"93a60a56-a3c8-11da-a746-0800200b9a66","name":"Mass","category":"Technical flow properties","refUnit":"kg"},"conversionFactor":1.0}]}