{"@type":"Flow","@id":"5c97dd6c-aaa5-4477-aaf8-dbd0674499c4","name":"Methane, tetrachloro-, R-10","description":"","category":"Elementary flows/Emission to air/high population density","version":"00.00.000","flowType":"ELEMENTARY_FLOW","cas":"000056-23-5","formula":"CCl4","isInfrastructureFlow":false,"flowProperties":[{"@type":"FlowPropertyFactor","isRefFlowProperty":true,"flowProperty":{"@type":"FlowProperty","@id":"93a60a56-a3c8-11da-a746-0800200b9a66","name":"Mass","category":"Technical flow properties","refUnit":"kg"},"conversionFactor":1.0}]}