{"@type":"Flow","@id":"5f47f918-1c32-5870-b992-db91f843ff34","name":"Selenium, in ground","description":"EcoSpold 2 elementary exchange, ID \u003d 5f47f918-1c32-5870-b992-db91f843ff34","category":"Elementary flows/Resource/in ground","version":"00.00.000","flowType":"ELEMENTARY_FLOW","cas":"","formula":"","isInfrastructureFlow":false,"flowProperties":[{"@type":"FlowPropertyFactor","isRefFlowProperty":true,"flowProperty":{"@type":"FlowProperty","@id":"93a60a56-a3c8-11da-a746-0800200b9a66","name":"Mass","category":"Technical flow properties","refUnit":"kg"},"conversionFactor":1.0}]}