{"@type":"Flow","@id":"68f7bc03-0665-55a1-bd99-96530eab30e2","name":"Beryllium, in ground","description":"EcoSpold 2 elementary exchange, ID \u003d 68f7bc03-0665-55a1-bd99-96530eab30e2","category":"Elementary flows/Resource/in ground","version":"00.00.000","flowType":"ELEMENTARY_FLOW","cas":"","formula":"","isInfrastructureFlow":false,"flowProperties":[{"@type":"FlowPropertyFactor","isRefFlowProperty":true,"flowProperty":{"@type":"FlowProperty","@id":"93a60a56-a3c8-11da-a746-0800200b9a66","name":"Mass","category":"Technical flow properties","refUnit":"kg"},"conversionFactor":1.0}]}