{"@type":"Flow","@id":"6b479ea3-eb47-4860-8778-b0ed9bc672fa","name":"Dioxin, 2,3,7,8 Tetrachlorodibenzo-p-","description":"","category":"Elementary flows/Emission to soil/forestry","version":"00.00.000","flowType":"ELEMENTARY_FLOW","cas":"001746-01-6","formula":"","isInfrastructureFlow":false,"flowProperties":[{"@type":"FlowPropertyFactor","isRefFlowProperty":true,"flowProperty":{"@type":"FlowProperty","@id":"93a60a56-a3c8-11da-a746-0800200b9a66","name":"Mass","category":"Technical flow properties","refUnit":"kg"},"conversionFactor":1.0}]}