{"@type":"Flow","@id":"737c3221-1456-4c6b-8605-6ac00dc88b2e","name":"Dioxins, measured as 2,3,7,8-tetrachlorodibenzo-p-dioxin","description":"EcoSpold 2 elementary exchange, ID \u003d 737c3221-1456-4c6b-8605-6ac00dc88b2e","category":"Elementary flows/Emission to water/unspecified","version":"00.00.000","flowType":"ELEMENTARY_FLOW","cas":"","formula":"","isInfrastructureFlow":false,"flowProperties":[{"@type":"FlowPropertyFactor","isRefFlowProperty":true,"flowProperty":{"@type":"FlowProperty","@id":"93a60a56-a3c8-11da-a746-0800200b9a66","name":"Mass","category":"Technical flow properties","refUnit":"kg"},"conversionFactor":1.0}]}