{"@type":"Flow","@id":"76608f33-7127-47f2-9718-383b3efe3b43","name":"Indeno(1,2,3-cd)pyrene","description":"EcoSpold 2 elementary exchange, ID \u003d 76608f33-7127-47f2-9718-383b3efe3b43","category":"Elementary flows/Emission to air/unspecified","version":"00.00.000","flowType":"ELEMENTARY_FLOW","cas":"","formula":"","isInfrastructureFlow":false,"flowProperties":[{"@type":"FlowPropertyFactor","isRefFlowProperty":true,"flowProperty":{"@type":"FlowProperty","@id":"93a60a56-a3c8-11da-a746-0800200b9a66","name":"Mass","category":"Technical flow properties","refUnit":"kg"},"conversionFactor":1.0}]}