{"@type":"Flow","@id":"7d2c1cdd-a64a-5936-a577-5b82db0c0d1b","name":"Lithium, in ground","description":"EcoSpold 2 elementary exchange, ID \u003d 7d2c1cdd-a64a-5936-a577-5b82db0c0d1b","category":"Elementary flows/Resource/in ground","version":"00.00.000","flowType":"ELEMENTARY_FLOW","cas":"","formula":"","isInfrastructureFlow":false,"flowProperties":[{"@type":"FlowPropertyFactor","isRefFlowProperty":true,"flowProperty":{"@type":"FlowProperty","@id":"93a60a56-a3c8-11da-a746-0800200b9a66","name":"Mass","category":"Technical flow properties","refUnit":"kg"},"conversionFactor":1.0}]}