{"@type":"Flow","@id":"843fd145-61ac-4fa7-a608-ce4ac4d88d49","name":"Ethane, 1,1-dichloro-1-fluoro-, HCFC-141b","description":"","category":"Elementary flows/Emission to air/unspecified","version":"00.00.000","flowType":"ELEMENTARY_FLOW","cas":"001717-00-6","formula":"C2H3Cl2F","isInfrastructureFlow":false,"flowProperties":[{"@type":"FlowPropertyFactor","isRefFlowProperty":true,"flowProperty":{"@type":"FlowProperty","@id":"93a60a56-a3c8-11da-a746-0800200b9a66","name":"Mass","category":"Technical flow properties","refUnit":"kg"},"conversionFactor":1.0}]}