{"@type":"Flow","@id":"85c40d9a-cbf0-44f0-a9a2-5b1edee4055a","name":"Beryllium","description":"","category":"Elementary flows/Emission to soil/forestry","version":"00.00.000","flowType":"ELEMENTARY_FLOW","cas":"007440-41-7","formula":"Be","isInfrastructureFlow":false,"flowProperties":[{"@type":"FlowPropertyFactor","isRefFlowProperty":true,"flowProperty":{"@type":"FlowProperty","@id":"93a60a56-a3c8-11da-a746-0800200b9a66","name":"Mass","category":"Technical flow properties","refUnit":"kg"},"conversionFactor":1.0}]}