{"@type":"Flow","@id":"8a3a44e4-e2f1-476d-9e9e-a90fda263fe3","name":"Ethane, 1,2-dichloro-1,1,2,2-tetrafluoro-, CFC-114","description":"","category":"Elementary flows/Emission to air/unspecified","version":"00.00.000","flowType":"ELEMENTARY_FLOW","cas":"000076-14-2","formula":"C2Cl2F4","isInfrastructureFlow":false,"flowProperties":[{"@type":"FlowPropertyFactor","isRefFlowProperty":true,"flowProperty":{"@type":"FlowProperty","@id":"93a60a56-a3c8-11da-a746-0800200b9a66","name":"Mass","category":"Technical flow properties","refUnit":"kg"},"conversionFactor":1.0}]}