{"@type":"Flow","@id":"8de8befc-efa2-5d07-a58b-b29ea97a3f41","name":"Niobium, in ground","description":"EcoSpold 2 elementary exchange, ID \u003d 8de8befc-efa2-5d07-a58b-b29ea97a3f41","category":"Elementary flows/Resource/in ground","version":"00.00.000","flowType":"ELEMENTARY_FLOW","cas":"","formula":"","isInfrastructureFlow":false,"flowProperties":[{"@type":"FlowPropertyFactor","isRefFlowProperty":true,"flowProperty":{"@type":"FlowProperty","@id":"93a60a56-a3c8-11da-a746-0800200b9a66","name":"Mass","category":"Technical flow properties","refUnit":"kg"},"conversionFactor":1.0}]}