{"@type":"Flow","@id":"95b6f6da-49f9-413d-8ff5-5342d6cff588","name":"Ethane, 1-chloro-1,1-difluoro-, HCFC-142b","description":"","category":"Elementary flows/Emission to air/low population density","version":"00.00.000","flowType":"ELEMENTARY_FLOW","cas":"000075-68-3","formula":"C2H3ClF2","isInfrastructureFlow":false,"flowProperties":[{"@type":"FlowPropertyFactor","isRefFlowProperty":true,"flowProperty":{"@type":"FlowProperty","@id":"93a60a56-a3c8-11da-a746-0800200b9a66","name":"Mass","category":"Technical flow properties","refUnit":"kg"},"conversionFactor":1.0}]}