{"@type":"Flow","@id":"9c8a834a-23d4-54e6-9ecf-2855d468f208","name":"Benzaldehyde","description":"EcoSpold 2 elementary exchange, ID \u003d 9c8a834a-23d4-54e6-9ecf-2855d468f208","category":"Elementary flows/Emission to water/unspecified","version":"00.00.000","flowType":"ELEMENTARY_FLOW","cas":"","formula":"","isInfrastructureFlow":false,"flowProperties":[{"@type":"FlowPropertyFactor","isRefFlowProperty":true,"flowProperty":{"@type":"FlowProperty","@id":"93a60a56-a3c8-11da-a746-0800200b9a66","name":"Mass","category":"Technical flow properties","refUnit":"kg"},"conversionFactor":1.0}]}