{"@type":"Flow","@id":"a0950325-06dc-5ca0-84b6-983c9e6ccf74","name":"Trichloroethylene","description":"EcoSpold 2 elementary exchange, ID \u003d a0950325-06dc-5ca0-84b6-983c9e6ccf74","category":"Elementary flows/Emission to air/unspecified","version":"00.00.000","flowType":"ELEMENTARY_FLOW","cas":"","formula":"","isInfrastructureFlow":false,"flowProperties":[{"@type":"FlowPropertyFactor","isRefFlowProperty":true,"flowProperty":{"@type":"FlowProperty","@id":"93a60a56-a3c8-11da-a746-0800200b9a66","name":"Mass","category":"Technical flow properties","refUnit":"kg"},"conversionFactor":1.0}]}