{"@type":"Flow","@id":"a3beb5ac-5149-47f6-a035-53fc5030f10a","name":"Carbon monoxide, fossil","description":"","category":"Elementary flows/Emission to air/lower stratosphere + upper troposphere","version":"00.00.000","flowType":"ELEMENTARY_FLOW","cas":"000630-08-0","formula":"CO","isInfrastructureFlow":false,"flowProperties":[{"@type":"FlowPropertyFactor","isRefFlowProperty":true,"flowProperty":{"@type":"FlowProperty","@id":"93a60a56-a3c8-11da-a746-0800200b9a66","name":"Mass","category":"Technical flow properties","refUnit":"kg"},"conversionFactor":1.0}]}