{"@type":"Flow","@id":"a45cd247-3532-4e27-bddc-b519fdb5e08f","name":"Aluminium, in ground","description":"EcoSpold 2 elementary exchange, ID \u003d a45cd247-3532-4e27-bddc-b519fdb5e08f","category":"Elementary flows/Resource/in ground","version":"00.00.000","flowType":"ELEMENTARY_FLOW","cas":"","formula":"","isInfrastructureFlow":false,"flowProperties":[{"@type":"FlowPropertyFactor","isRefFlowProperty":true,"flowProperty":{"@type":"FlowProperty","@id":"93a60a56-a3c8-11da-a746-0800200b9a66","name":"Mass","category":"Technical flow properties","refUnit":"kg"},"conversionFactor":1.0}]}