{"@type":"Flow","@id":"a7ce2d61-decb-4076-baf1-774c4039b4e3","name":"Phenol, pentachloro-","description":"EcoSpold 2 elementary exchange, ID \u003d a7ce2d61-decb-4076-baf1-774c4039b4e3","category":"Elementary flows/Emission to soil/unspecified","version":"00.00.000","flowType":"ELEMENTARY_FLOW","cas":"","formula":"","isInfrastructureFlow":false,"flowProperties":[{"@type":"FlowPropertyFactor","isRefFlowProperty":true,"flowProperty":{"@type":"FlowProperty","@id":"93a60a56-a3c8-11da-a746-0800200b9a66","name":"Mass","category":"Technical flow properties","refUnit":"kg"},"conversionFactor":1.0}]}