{"@type":"Flow","@id":"a86c6e85-0545-5f37-bed8-354f2ba0dde4","name":"Furfural","description":"EcoSpold 2 elementary exchange, ID \u003d a86c6e85-0545-5f37-bed8-354f2ba0dde4","category":"Elementary flows/Emission to air/unspecified","version":"00.00.000","flowType":"ELEMENTARY_FLOW","cas":"","formula":"","isInfrastructureFlow":false,"flowProperties":[{"@type":"FlowPropertyFactor","isRefFlowProperty":true,"flowProperty":{"@type":"FlowProperty","@id":"93a60a56-a3c8-11da-a746-0800200b9a66","name":"Mass","category":"Technical flow properties","refUnit":"kg"},"conversionFactor":1.0}]}