{"@type":"Flow","@id":"b350979f-1ec0-4f66-8f30-c0a216ae5455","name":"Ethylene oxide","description":"","category":"Elementary flows/Emission to water/ocean","version":"00.00.000","flowType":"ELEMENTARY_FLOW","cas":"000075-21-8","formula":"C2H4O","isInfrastructureFlow":false,"flowProperties":[{"@type":"FlowPropertyFactor","isRefFlowProperty":true,"flowProperty":{"@type":"FlowProperty","@id":"93a60a56-a3c8-11da-a746-0800200b9a66","name":"Mass","category":"Technical flow properties","refUnit":"kg"},"conversionFactor":1.0}]}