{"@type":"Flow","@id":"be73218b-18af-492e-96e6-addd309d1e32","name":"Zinc, in ground","description":"EcoSpold 2 elementary exchange, ID \u003d be73218b-18af-492e-96e6-addd309d1e32","category":"Elementary flows/Resource/in ground","version":"00.00.000","flowType":"ELEMENTARY_FLOW","cas":"","formula":"","isInfrastructureFlow":false,"flowProperties":[{"@type":"FlowPropertyFactor","isRefFlowProperty":true,"flowProperty":{"@type":"FlowProperty","@id":"93a60a56-a3c8-11da-a746-0800200b9a66","name":"Mass","category":"Technical flow properties","refUnit":"kg"},"conversionFactor":1.0}]}