{"@type":"Flow","@id":"c07b56e8-5bbe-45f3-8d79-46c7a29c0a42","name":"Propylene oxide","description":"","category":"Elementary flows/Emission to water/ocean","version":"00.00.000","flowType":"ELEMENTARY_FLOW","cas":"000075-56-9","formula":"C3H6O","isInfrastructureFlow":false,"flowProperties":[{"@type":"FlowPropertyFactor","isRefFlowProperty":true,"flowProperty":{"@type":"FlowProperty","@id":"93a60a56-a3c8-11da-a746-0800200b9a66","name":"Mass","category":"Technical flow properties","refUnit":"kg"},"conversionFactor":1.0}]}