{"@type":"Flow","@id":"c2586875-bb56-4b1e-84c5-5ff255a1108b","name":"Manganese, in ground","description":"EcoSpold 2 elementary exchange, ID \u003d c2586875-bb56-4b1e-84c5-5ff255a1108b","category":"Elementary flows/Resource/in ground","version":"00.00.000","flowType":"ELEMENTARY_FLOW","cas":"","formula":"","isInfrastructureFlow":false,"flowProperties":[{"@type":"FlowPropertyFactor","isRefFlowProperty":true,"flowProperty":{"@type":"FlowProperty","@id":"93a60a56-a3c8-11da-a746-0800200b9a66","name":"Mass","category":"Technical flow properties","refUnit":"kg"},"conversionFactor":1.0}]}