{"@type":"Flow","@id":"c89708f7-cb6c-4691-b8cc-cf2cb03b14a6","name":"Acifluorfen","description":"EcoSpold 2 elementary exchange, ID \u003d c89708f7-cb6c-4691-b8cc-cf2cb03b14a6","category":"Elementary flows/Emission to soil/agricultural","version":"00.00.000","flowType":"ELEMENTARY_FLOW","cas":"","formula":"","isInfrastructureFlow":false,"flowProperties":[{"@type":"FlowPropertyFactor","isRefFlowProperty":true,"flowProperty":{"@type":"FlowProperty","@id":"93a60a56-a3c8-11da-a746-0800200b9a66","name":"Mass","category":"Technical flow properties","refUnit":"kg"},"conversionFactor":1.0}]}