{"@type":"Flow","@id":"cef77e08-b1c6-4893-a8eb-be2ada072c7a","name":"Arsenic, ion","description":"","category":"Elementary flows/Emission to soil/agricultural","version":"00.00.000","flowType":"ELEMENTARY_FLOW","cas":"017428-41-0","formula":"As5+","isInfrastructureFlow":false,"flowProperties":[{"@type":"FlowPropertyFactor","isRefFlowProperty":true,"flowProperty":{"@type":"FlowProperty","@id":"93a60a56-a3c8-11da-a746-0800200b9a66","name":"Mass","category":"Technical flow properties","refUnit":"kg"},"conversionFactor":1.0}]}