{"@type":"Flow","@id":"d0779a5e-6969-4144-954e-ceb81fb83f15","name":"Cobalt, in ground","description":"EcoSpold 2 elementary exchange, ID \u003d d0779a5e-6969-4144-954e-ceb81fb83f15","category":"Elementary flows/Resource/in ground","version":"00.00.000","flowType":"ELEMENTARY_FLOW","cas":"","formula":"","isInfrastructureFlow":false,"flowProperties":[{"@type":"FlowPropertyFactor","isRefFlowProperty":true,"flowProperty":{"@type":"FlowProperty","@id":"93a60a56-a3c8-11da-a746-0800200b9a66","name":"Mass","category":"Technical flow properties","refUnit":"kg"},"conversionFactor":1.0}]}