{"@type":"Flow","@id":"d57ab983-120a-448b-a681-b876e1addecf","name":"Fluoranthene","description":"EcoSpold 2 elementary exchange, ID \u003d d57ab983-120a-448b-a681-b876e1addecf","category":"Elementary flows/Emission to air/unspecified","version":"00.00.000","flowType":"ELEMENTARY_FLOW","cas":"","formula":"","isInfrastructureFlow":false,"flowProperties":[{"@type":"FlowPropertyFactor","isRefFlowProperty":true,"flowProperty":{"@type":"FlowProperty","@id":"93a60a56-a3c8-11da-a746-0800200b9a66","name":"Mass","category":"Technical flow properties","refUnit":"kg"},"conversionFactor":1.0}]}