{"@type":"Flow","@id":"e04d6f3d-1cb2-4ab1-aef9-fd0221028fe2","name":"Atrazine","description":"EcoSpold 2 elementary exchange, ID \u003d e04d6f3d-1cb2-4ab1-aef9-fd0221028fe2","category":"Elementary flows/Emission to water/ground water","version":"00.00.000","flowType":"ELEMENTARY_FLOW","cas":"","formula":"","isInfrastructureFlow":false,"flowProperties":[{"@type":"FlowPropertyFactor","isRefFlowProperty":true,"flowProperty":{"@type":"FlowProperty","@id":"93a60a56-a3c8-11da-a746-0800200b9a66","name":"Mass","category":"Technical flow properties","refUnit":"kg"},"conversionFactor":1.0}]}