{"@type":"Flow","@id":"e189e2d4-3d3f-4ada-b302-91611784311f","name":"Chromium, in ground","description":"EcoSpold 2 elementary exchange, ID \u003d e189e2d4-3d3f-4ada-b302-91611784311f","category":"Elementary flows/Resource/in ground","version":"00.00.000","flowType":"ELEMENTARY_FLOW","cas":"","formula":"","isInfrastructureFlow":false,"flowProperties":[{"@type":"FlowPropertyFactor","isRefFlowProperty":true,"flowProperty":{"@type":"FlowProperty","@id":"93a60a56-a3c8-11da-a746-0800200b9a66","name":"Mass","category":"Technical flow properties","refUnit":"kg"},"conversionFactor":1.0}]}