{"@type":"Flow","@id":"e9e856c2-868e-435e-8425-8df1c9297cfc","name":"Lead","description":"","category":"Elementary flows/Emission to water/ocean","version":"00.00.000","flowType":"ELEMENTARY_FLOW","cas":"007439-92-1","formula":"Pb","isInfrastructureFlow":false,"flowProperties":[{"@type":"FlowPropertyFactor","isRefFlowProperty":true,"flowProperty":{"@type":"FlowProperty","@id":"93a60a56-a3c8-11da-a746-0800200b9a66","name":"Mass","category":"Technical flow properties","refUnit":"kg"},"conversionFactor":1.0}]}