{"@type":"Flow","@id":"ebca692a-4ef2-5ca0-86c9-435f9071b7ed","name":"Phenol, pentachloro-","description":"","category":"Elementary flows/Emission to soil/agricultural","version":"00.00.000","flowType":"ELEMENTARY_FLOW","cas":"000087-86-5","formula":"","isInfrastructureFlow":false,"flowProperties":[{"@type":"FlowPropertyFactor","isRefFlowProperty":true,"flowProperty":{"@type":"FlowProperty","@id":"93a60a56-a3c8-11da-a746-0800200b9a66","name":"Mass","category":"Technical flow properties","refUnit":"kg"},"conversionFactor":1.0}]}