{"@type":"Flow","@id":"feacde06-af32-32b6-8808-53291e90761f","name":"Lead II","description":"EcoSpold 2 elementary exchange, ID \u003d 739234c8-5359-48b4-983f-9cb170d68c8d","category":"Elementary flows/Emission to soil/unspecified","version":"00.00.000","flowType":"ELEMENTARY_FLOW","cas":"14280-50-3","formula":"Pb+2","synonyms":"lead ion; lead; lead (+2)","isInfrastructureFlow":false,"flowProperties":[{"@type":"FlowPropertyFactor","isRefFlowProperty":true,"flowProperty":{"@type":"FlowProperty","@id":"93a60a56-a3c8-11da-a746-0800200b9a66","name":"Mass","category":"Technical flow properties","refUnit":"kg"},"conversionFactor":1.0}]}