{"@type":"ImpactCategory","@id":"ac1719b8-5625-475f-a38a-9bac80a399d0","name":"Climate change: including SLCFs no LT | Global warming potential (GWP20) no LT","description":"Indicator: Global warming potential (GWP20) no LT","category":"ecoinvent 3.10 LCIA Methods/IPCC 2021 no LT","version":"00.00.000","refUnit":"kg CO2-Eq","impactFactors":[{"value":286.0,"flow":{"@type":"Flow","@id":"46ecffe9-d6c6-4763-b575-dd73d5bdd727","name":"Methane, chloro-fluoro-, HCFC-31","category":"Elementary flows/Emission to air/low population density","flowType":"ELEMENTARY_FLOW","refUnit":"kg"},"unit":{"@type":"Unit","@id":"20aadc24-a391-41cf-b340-3e4529f44bde","name":"kg"},"flowProperty":{"@type":"FlowProperty","@id":"93a60a56-a3c8-11da-a746-0800200b9a66","name":"Mass","category":"Technical flow properties","refUnit":"kg"}},{"value":7840.0,"flow":{"@type":"Flow","@id":"5253e322-7de5-42aa-9167-daf22ff44031","name":"Ethane, 1,1,1-trifluoro-, HFC-143a","category":"Elementary flows/Emission to air/low population density","flowType":"ELEMENTARY_FLOW","refUnit":"kg"},"unit":{"@type":"Unit","@id":"20aadc24-a391-41cf-b340-3e4529f44bde","name":"kg"},"flowProperty":{"@type":"FlowProperty","@id":"93a60a56-a3c8-11da-a746-0800200b9a66","name":"Mass","category":"Technical flow properties","refUnit":"kg"}},{"value":1.57,"flow":{"@type":"Flow","@id":"e7e0031e-791d-42f4-b26c-ec322db637bc","name":"Ethane","category":"Elementary flows/Emission to air/low population density","flowType":"ELEMENTARY_FLOW","refUnit":"kg"},"unit":{"@type":"Unit","@id":"20aadc24-a391-41cf-b340-3e4529f44bde","name":"kg"},"flowProperty":{"@type":"FlowProperty","@id":"93a60a56-a3c8-11da-a746-0800200b9a66","name":"Mass","category":"Technical flow properties","refUnit":"kg"}},{"value":2690.0,"flow":{"@type":"Flow","@id":"8fbe2c56-c213-4501-b95e-ff57a76fbd6f","name":"Methane, difluoro-, HFC-32","category":"Elementary flows/Emission to air/low population density","flowType":"ELEMENTARY_FLOW","refUnit":"kg"},"unit":{"@type":"Unit","@id":"20aadc24-a391-41cf-b340-3e4529f44bde","name":"kg"},"flowProperty":{"@type":"FlowProperty","@id":"93a60a56-a3c8-11da-a746-0800200b9a66","name":"Mass","category":"Technical flow properties","refUnit":"kg"}},{"value":273.0,"flow":{"@type":"Flow","@id":"6dc1b46f-ee89-4495-95c4-b8a637bcd6cb","name":"Dinitrogen monoxide","category":"Elementary flows/Emission to air/high population density","flowType":"ELEMENTARY_FLOW","refUnit":"kg"},"unit":{"@type":"Unit","@id":"20aadc24-a391-41cf-b340-3e4529f44bde","name":"kg"},"flowProperty":{"@type":"FlowProperty","@id":"93a60a56-a3c8-11da-a746-0800200b9a66","name":"Mass","category":"Technical flow properties","refUnit":"kg"}},{"value":74.2,"flow":{"@type":"Flow","@id":"4cadbc9f-0472-4bb9-a942-df5b90e37878","name":"Chloroform","category":"Elementary flows/Emission to air/high population density","flowType":"ELEMENTARY_FLOW","refUnit":"kg"},"unit":{"@type":"Unit","@id":"20aadc24-a391-41cf-b340-3e4529f44bde","name":"kg"},"flowProperty":{"@type":"FlowProperty","@id":"93a60a56-a3c8-11da-a746-0800200b9a66","name":"Mass","category":"Technical flow properties","refUnit":"kg"}},{"value":0.072,"flow":{"@type":"Flow","@id":"3a6c936c-0276-4f11-9d98-1bd011387a6e","name":"Propane","category":"Elementary flows/Emission to air/unspecified","flowType":"ELEMENTARY_FLOW","refUnit":"kg"},"unit":{"@type":"Unit","@id":"20aadc24-a391-41cf-b340-3e4529f44bde","name":"kg"},"flowProperty":{"@type":"FlowProperty","@id":"93a60a56-a3c8-11da-a746-0800200b9a66","name":"Mass","category":"Technical flow properties","refUnit":"kg"}},{"value":8320.0,"flow":{"@type":"Flow","@id":"33a69662-583b-45b8-8cb9-94f59fca9133","name":"Methane, trichlorofluoro-, CFC-11","category":"Elementary flows/Emission to air/high population density","flowType":"ELEMENTARY_FLOW","refUnit":"kg"},"unit":{"@type":"Unit","@id":"20aadc24-a391-41cf-b340-3e4529f44bde","name":"kg"},"flowProperty":{"@type":"FlowProperty","@id":"93a60a56-a3c8-11da-a746-0800200b9a66","name":"Mass","category":"Technical flow properties","refUnit":"kg"}},{"value":12400.0,"flow":{"@type":"Flow","@id":"5e2e1740-1bb9-4157-b816-6cb5aa006437","name":"Methane, trifluoro-, HFC-23","category":"Elementary flows/Emission to air/low population density","flowType":"ELEMENTARY_FLOW","refUnit":"kg"},"unit":{"@type":"Unit","@id":"20aadc24-a391-41cf-b340-3e4529f44bde","name":"kg"},"flowProperty":{"@type":"FlowProperty","@id":"93a60a56-a3c8-11da-a746-0800200b9a66","name":"Mass","category":"Technical flow properties","refUnit":"kg"}},{"value":7.65,"flow":{"@type":"Flow","@id":"2cb2333c-1599-46cf-8435-3dffce627524","name":"Carbon monoxide, biogenic","category":"Elementary flows/Emission to air/unspecified","flowType":"ELEMENTARY_FLOW","refUnit":"kg"},"unit":{"@type":"Unit","@id":"20aadc24-a391-41cf-b340-3e4529f44bde","name":"kg"},"flowProperty":{"@type":"FlowProperty","@id":"93a60a56-a3c8-11da-a746-0800200b9a66","name":"Mass","category":"Technical flow properties","refUnit":"kg"}},{"value":0.188,"flow":{"@type":"Flow","@id":"f2e4394f-61bb-5493-983d-d3d5b7b96a41","name":"Bromopropane","category":"Elementary flows/Emission to air/unspecified","flowType":"ELEMENTARY_FLOW","refUnit":"kg"},"unit":{"@type":"Unit","@id":"20aadc24-a391-41cf-b340-3e4529f44bde","name":"kg"},"flowProperty":{"@type":"FlowProperty","@id":"93a60a56-a3c8-11da-a746-0800200b9a66","name":"Mass","category":"Technical flow properties","refUnit":"kg"}},{"value":1.73,"flow":{"@type":"Flow","@id":"bce77a75-c399-4fa6-94ab-90d0e704ebde","name":"Monochloroethane","category":"Elementary flows/Emission to air/unspecified","flowType":"ELEMENTARY_FLOW","refUnit":"kg"},"unit":{"@type":"Unit","@id":"20aadc24-a391-41cf-b340-3e4529f44bde","name":"kg"},"flowProperty":{"@type":"FlowProperty","@id":"93a60a56-a3c8-11da-a746-0800200b9a66","name":"Mass","category":"Technical flow properties","refUnit":"kg"}},{"value":13400.0,"flow":{"@type":"Flow","@id":"f8cf5fd7-9f94-4870-9e6a-768deae9b766","name":"Nitrogen fluoride","category":"Elementary flows/Emission to air/low population density","flowType":"ELEMENTARY_FLOW","refUnit":"kg"},"unit":{"@type":"Unit","@id":"20aadc24-a391-41cf-b340-3e4529f44bde","name":"kg"},"flowProperty":{"@type":"FlowProperty","@id":"93a60a56-a3c8-11da-a746-0800200b9a66","name":"Mass","category":"Technical flow properties","refUnit":"kg"}},{"value":1.73,"flow":{"@type":"Flow","@id":"1dfddbaf-11aa-4001-89e7-1303b3a95e02","name":"Monochloroethane","category":"Elementary flows/Emission to air/low population density","flowType":"ELEMENTARY_FLOW","refUnit":"kg"},"unit":{"@type":"Unit","@id":"20aadc24-a391-41cf-b340-3e4529f44bde","name":"kg"},"flowProperty":{"@type":"FlowProperty","@id":"93a60a56-a3c8-11da-a746-0800200b9a66","name":"Mass","category":"Technical flow properties","refUnit":"kg"}},{"value":82.5,"flow":{"@type":"Flow","@id":"0795345f-c7ae-410c-ad25-1845784c75f5","name":"Methane, fossil","category":"Elementary flows/Emission to air/unspecified","flowType":"ELEMENTARY_FLOW","refUnit":"kg"},"unit":{"@type":"Unit","@id":"20aadc24-a391-41cf-b340-3e4529f44bde","name":"kg"},"flowProperty":{"@type":"FlowProperty","@id":"93a60a56-a3c8-11da-a746-0800200b9a66","name":"Mass","category":"Technical flow properties","refUnit":"kg"}},{"value":82.5,"flow":{"@type":"Flow","@id":"70ef743b-3ed5-4a6d-b192-fb6d62378555","name":"Methane, fossil","category":"Elementary flows/Emission to air/low population density","flowType":"ELEMENTARY_FLOW","refUnit":"kg"},"unit":{"@type":"Unit","@id":"20aadc24-a391-41cf-b340-3e4529f44bde","name":"kg"},"flowProperty":{"@type":"FlowProperty","@id":"93a60a56-a3c8-11da-a746-0800200b9a66","name":"Mass","category":"Technical flow properties","refUnit":"kg"}},{"value":4920.0,"flow":{"@type":"Flow","@id":"ee31ac2a-9336-4ed6-8077-9663003bc2f9","name":"Methane, bromochlorodifluoro-, Halon 1211","category":"Elementary flows/Emission to air/unspecified","flowType":"ELEMENTARY_FLOW","refUnit":"kg"},"unit":{"@type":"Unit","@id":"20aadc24-a391-41cf-b340-3e4529f44bde","name":"kg"},"flowProperty":{"@type":"FlowProperty","@id":"93a60a56-a3c8-11da-a746-0800200b9a66","name":"Mass","category":"Technical flow properties","refUnit":"kg"}},{"value":79.7,"flow":{"@type":"Flow","@id":"baf58fc9-573c-419c-8c16-831ac03203b9","name":"Methane, biogenic","category":"Elementary flows/Emission to air/high population density","flowType":"ELEMENTARY_FLOW","refUnit":"kg"},"unit":{"@type":"Unit","@id":"20aadc24-a391-41cf-b340-3e4529f44bde","name":"kg"},"flowProperty":{"@type":"FlowProperty","@id":"93a60a56-a3c8-11da-a746-0800200b9a66","name":"Mass","category":"Technical flow properties","refUnit":"kg"}},{"value":9.2214,"flow":{"@type":"Flow","@id":"69a6c884-39be-444f-a67c-7436a5e66de2","name":"Carbon monoxide, from soil or biomass stock","category":"Elementary flows/Emission to air/unspecified","flowType":"ELEMENTARY_FLOW","refUnit":"kg"},"unit":{"@type":"Unit","@id":"20aadc24-a391-41cf-b340-3e4529f44bde","name":"kg"},"flowProperty":{"@type":"FlowProperty","@id":"93a60a56-a3c8-11da-a746-0800200b9a66","name":"Mass","category":"Technical flow properties","refUnit":"kg"}},{"value":0.072,"flow":{"@type":"Flow","@id":"9beb60a3-3a8c-4345-9a0e-107eec2f709f","name":"Propane","category":"Elementary flows/Emission to air/low population density","flowType":"ELEMENTARY_FLOW","refUnit":"kg"},"unit":{"@type":"Unit","@id":"20aadc24-a391-41cf-b340-3e4529f44bde","name":"kg"},"flowProperty":{"@type":"FlowProperty","@id":"93a60a56-a3c8-11da-a746-0800200b9a66","name":"Mass","category":"Technical flow properties","refUnit":"kg"}},{"value":74.2,"flow":{"@type":"Flow","@id":"fa9b9736-6de8-4bd6-ba22-1bd78c798373","name":"Chloroform","category":"Elementary flows/Emission to air/low population density","flowType":"ELEMENTARY_FLOW","refUnit":"kg"},"unit":{"@type":"Unit","@id":"20aadc24-a391-41cf-b340-3e4529f44bde","name":"kg"},"flowProperty":{"@type":"FlowProperty","@id":"93a60a56-a3c8-11da-a746-0800200b9a66","name":"Mass","category":"Technical flow properties","refUnit":"kg"}},{"value":0.072,"flow":{"@type":"Flow","@id":"98c66fdb-091d-46e9-a533-686f821e8f6a","name":"Propane","category":"Elementary flows/Emission to air/high population density","flowType":"ELEMENTARY_FLOW","refUnit":"kg"},"unit":{"@type":"Unit","@id":"20aadc24-a391-41cf-b340-3e4529f44bde","name":"kg"},"flowProperty":{"@type":"FlowProperty","@id":"93a60a56-a3c8-11da-a746-0800200b9a66","name":"Mass","category":"Technical flow properties","refUnit":"kg"}},{"value":8260.0,"flow":{"@type":"Flow","@id":"3b30d058-02ef-4ed2-b357-5fc1a45c63e7","name":"Ethane, 1,2-dichloro-1,1,2,2-tetrafluoro-, CFC-114","category":"Elementary flows/Emission to air/high population density","flowType":"ELEMENTARY_FLOW","refUnit":"kg"},"unit":{"@type":"Unit","@id":"20aadc24-a391-41cf-b340-3e4529f44bde","name":"kg"},"flowProperty":{"@type":"FlowProperty","@id":"93a60a56-a3c8-11da-a746-0800200b9a66","name":"Mass","category":"Technical flow properties","refUnit":"kg"}},{"value":16.7,"flow":{"@type":"Flow","@id":"17f7e776-7934-54af-8c3c-ed0247cb697b","name":"Nitric oxide","category":"Elementary flows/Emission to air/unspecified","flowType":"ELEMENTARY_FLOW","refUnit":"kg"},"unit":{"@type":"Unit","@id":"20aadc24-a391-41cf-b340-3e4529f44bde","name":"kg"},"flowProperty":{"@type":"FlowProperty","@id":"93a60a56-a3c8-11da-a746-0800200b9a66","name":"Mass","category":"Technical flow properties","refUnit":"kg"}},{"value":5690.0,"flow":{"@type":"Flow","@id":"18c582fe-7336-4138-8797-2db8b7a754c7","name":"Methane, chlorodifluoro-, HCFC-22","category":"Elementary flows/Emission to air/unspecified","flowType":"ELEMENTARY_FLOW","refUnit":"kg"},"unit":{"@type":"Unit","@id":"20aadc24-a391-41cf-b340-3e4529f44bde","name":"kg"},"flowProperty":{"@type":"FlowProperty","@id":"93a60a56-a3c8-11da-a746-0800200b9a66","name":"Mass","category":"Technical flow properties","refUnit":"kg"}},{"value":19.9,"flow":{"@type":"Flow","@id":"370447a7-70d1-47bd-8577-0a32c4f53570","name":"Methane, monochloro-, R-40","category":"Elementary flows/Emission to air/high population density","flowType":"ELEMENTARY_FLOW","refUnit":"kg"},"unit":{"@type":"Unit","@id":"20aadc24-a391-41cf-b340-3e4529f44bde","name":"kg"},"flowProperty":{"@type":"FlowProperty","@id":"93a60a56-a3c8-11da-a746-0800200b9a66","name":"Mass","category":"Technical flow properties","refUnit":"kg"}},{"value":2070.0,"flow":{"@type":"Flow","@id":"60268f3d-468b-487e-acb1-24d7250cb6b3","name":"Ethane, 2-chloro-1,1,1,2-tetrafluoro-, HCFC-124","category":"Elementary flows/Emission to air/unspecified","flowType":"ELEMENTARY_FLOW","refUnit":"kg"},"unit":{"@type":"Unit","@id":"20aadc24-a391-41cf-b340-3e4529f44bde","name":"kg"},"flowProperty":{"@type":"FlowProperty","@id":"93a60a56-a3c8-11da-a746-0800200b9a66","name":"Mass","category":"Technical flow properties","refUnit":"kg"}},{"value":0.158,"flow":{"@type":"Flow","@id":"22698b26-ab11-43eb-a48f-3e46863555cc","name":"Ethene, trichloro-","category":"Elementary flows/Emission to air/low population density","flowType":"ELEMENTARY_FLOW","refUnit":"kg"},"unit":{"@type":"Unit","@id":"20aadc24-a391-41cf-b340-3e4529f44bde","name":"kg"},"flowProperty":{"@type":"FlowProperty","@id":"93a60a56-a3c8-11da-a746-0800200b9a66","name":"Mass","category":"Technical flow properties","refUnit":"kg"}},{"value":12700.0,"flow":{"@type":"Flow","@id":"e93ba406-3df8-4e34-be54-0d556b2bb629","name":"Methane, dichlorodifluoro-, CFC-12","category":"Elementary flows/Emission to air/low population density","flowType":"ELEMENTARY_FLOW","refUnit":"kg"},"unit":{"@type":"Unit","@id":"20aadc24-a391-41cf-b340-3e4529f44bde","name":"kg"},"flowProperty":{"@type":"FlowProperty","@id":"93a60a56-a3c8-11da-a746-0800200b9a66","name":"Mass","category":"Technical flow properties","refUnit":"kg"}},{"value":-1.0,"flow":{"@type":"Flow","@id":"375bc95e-6596-4aa1-9716-80ff51b9da77","name":"Carbon dioxide, to soil or biomass stock","category":"Elementary flows/Emission to soil/unspecified","flowType":"ELEMENTARY_FLOW","refUnit":"kg"},"unit":{"@type":"Unit","@id":"20aadc24-a391-41cf-b340-3e4529f44bde","name":"kg"},"flowProperty":{"@type":"FlowProperty","@id":"93a60a56-a3c8-11da-a746-0800200b9a66","name":"Mass","category":"Technical flow properties","refUnit":"kg"}},{"value":4.68,"flow":{"@type":"Flow","@id":"468bebea-17ee-49d3-b11d-c603d91c67c8","name":"Ethane, 1,2-dichloro-","category":"Elementary flows/Emission to air/high population density","flowType":"ELEMENTARY_FLOW","refUnit":"kg"},"unit":{"@type":"Unit","@id":"20aadc24-a391-41cf-b340-3e4529f44bde","name":"kg"},"flowProperty":{"@type":"FlowProperty","@id":"93a60a56-a3c8-11da-a746-0800200b9a66","name":"Mass","category":"Technical flow properties","refUnit":"kg"}},{"value":82.5,"flow":{"@type":"Flow","@id":"9541a975-800f-4fed-9edf-28f6e411a015","name":"Methane, from soil or biomass stock","category":"Elementary flows/Emission to air/low population density","flowType":"ELEMENTARY_FLOW","refUnit":"kg"},"unit":{"@type":"Unit","@id":"20aadc24-a391-41cf-b340-3e4529f44bde","name":"kg"},"flowProperty":{"@type":"FlowProperty","@id":"93a60a56-a3c8-11da-a746-0800200b9a66","name":"Mass","category":"Technical flow properties","refUnit":"kg"}},{"value":19.9,"flow":{"@type":"Flow","@id":"ed63abd0-7cc6-4825-8759-b367e560fe95","name":"Methane, monochloro-, R-40","category":"Elementary flows/Emission to air/low population density","flowType":"ELEMENTARY_FLOW","refUnit":"kg"},"unit":{"@type":"Unit","@id":"20aadc24-a391-41cf-b340-3e4529f44bde","name":"kg"},"flowProperty":{"@type":"FlowProperty","@id":"93a60a56-a3c8-11da-a746-0800200b9a66","name":"Mass","category":"Technical flow properties","refUnit":"kg"}},{"value":5300.0,"flow":{"@type":"Flow","@id":"33681770-a0e1-4ce8-93c3-941fd607fa5f","name":"Methane, tetrafluoro-, R-14","category":"Elementary flows/Emission to air/unspecified","flowType":"ELEMENTARY_FLOW","refUnit":"kg"},"unit":{"@type":"Unit","@id":"20aadc24-a391-41cf-b340-3e4529f44bde","name":"kg"},"flowProperty":{"@type":"FlowProperty","@id":"93a60a56-a3c8-11da-a746-0800200b9a66","name":"Mass","category":"Technical flow properties","refUnit":"kg"}},{"value":-1.0,"flow":{"@type":"Flow","@id":"8ae4d8bb-3e4b-4825-8325-94696d7a64fd","name":"Carbon dioxide, to soil or biomass stock","category":"Elementary flows/Emission to soil/forestry","flowType":"ELEMENTARY_FLOW","refUnit":"kg"},"unit":{"@type":"Unit","@id":"20aadc24-a391-41cf-b340-3e4529f44bde","name":"kg"},"flowProperty":{"@type":"FlowProperty","@id":"93a60a56-a3c8-11da-a746-0800200b9a66","name":"Mass","category":"Technical flow properties","refUnit":"kg"}},{"value":6740.0,"flow":{"@type":"Flow","@id":"281e1011-f121-4d5b-ad4d-22d562b2c2cd","name":"Ethane, pentafluoro-, HFC-125","category":"Elementary flows/Emission to air/unspecified","flowType":"ELEMENTARY_FLOW","refUnit":"kg"},"unit":{"@type":"Unit","@id":"20aadc24-a391-41cf-b340-3e4529f44bde","name":"kg"},"flowProperty":{"@type":"FlowProperty","@id":"93a60a56-a3c8-11da-a746-0800200b9a66","name":"Mass","category":"Technical flow properties","refUnit":"kg"}},{"value":1.0,"flow":{"@type":"Flow","@id":"349b29d1-3e58-4c66-98b9-9d1a076efd2e","name":"Carbon dioxide, fossil","category":"Elementary flows/Emission to air/unspecified","flowType":"ELEMENTARY_FLOW","refUnit":"kg"},"unit":{"@type":"Unit","@id":"20aadc24-a391-41cf-b340-3e4529f44bde","name":"kg"},"flowProperty":{"@type":"FlowProperty","@id":"93a60a56-a3c8-11da-a746-0800200b9a66","name":"Mass","category":"Technical flow properties","refUnit":"kg"}},{"value":9.2214,"flow":{"@type":"Flow","@id":"099b36ab-4c03-4587-87f4-2f81e337afb8","name":"Carbon monoxide, fossil","category":"Elementary flows/Emission to air/low population density","flowType":"ELEMENTARY_FLOW","refUnit":"kg"},"unit":{"@type":"Unit","@id":"20aadc24-a391-41cf-b340-3e4529f44bde","name":"kg"},"flowProperty":{"@type":"FlowProperty","@id":"93a60a56-a3c8-11da-a746-0800200b9a66","name":"Mass","category":"Technical flow properties","refUnit":"kg"}},{"value":12700.0,"flow":{"@type":"Flow","@id":"c0e8ec60-a5ae-432e-97a5-cf76b6247a00","name":"Methane, dichlorodifluoro-, CFC-12","category":"Elementary flows/Emission to air/unspecified","flowType":"ELEMENTARY_FLOW","refUnit":"kg"},"unit":{"@type":"Unit","@id":"20aadc24-a391-41cf-b340-3e4529f44bde","name":"kg"},"flowProperty":{"@type":"FlowProperty","@id":"93a60a56-a3c8-11da-a746-0800200b9a66","name":"Mass","category":"Technical flow properties","refUnit":"kg"}},{"value":9.2214,"flow":{"@type":"Flow","@id":"a3beb5ac-5149-47f6-a035-53fc5030f10a","name":"Carbon monoxide, fossil","category":"Elementary flows/Emission to air/lower stratosphere + upper troposphere","flowType":"ELEMENTARY_FLOW","refUnit":"kg"},"unit":{"@type":"Unit","@id":"20aadc24-a391-41cf-b340-3e4529f44bde","name":"kg"},"flowProperty":{"@type":"FlowProperty","@id":"93a60a56-a3c8-11da-a746-0800200b9a66","name":"Mass","category":"Technical flow properties","refUnit":"kg"}},{"value":567.0,"flow":{"@type":"Flow","@id":"818cee9e-231c-4b53-8ed2-47a0001802d5","name":"Ethane, 1,1,1-trichloro-, HCFC-140","category":"Elementary flows/Emission to air/high population density","flowType":"ELEMENTARY_FLOW","refUnit":"kg"},"unit":{"@type":"Unit","@id":"20aadc24-a391-41cf-b340-3e4529f44bde","name":"kg"},"flowProperty":{"@type":"FlowProperty","@id":"93a60a56-a3c8-11da-a746-0800200b9a66","name":"Mass","category":"Technical flow properties","refUnit":"kg"}},{"value":1.57,"flow":{"@type":"Flow","@id":"8e30c990-5ed4-4f94-9d0e-2f5e4ff1a1f9","name":"Ethane","category":"Elementary flows/Emission to air/unspecified","flowType":"ELEMENTARY_FLOW","refUnit":"kg"},"unit":{"@type":"Unit","@id":"20aadc24-a391-41cf-b340-3e4529f44bde","name":"kg"},"flowProperty":{"@type":"FlowProperty","@id":"93a60a56-a3c8-11da-a746-0800200b9a66","name":"Mass","category":"Technical flow properties","refUnit":"kg"}},{"value":2690.0,"flow":{"@type":"Flow","@id":"151212b4-079b-43a2-96d5-a6eef59166ac","name":"Methane, difluoro-, HFC-32","category":"Elementary flows/Emission to air/unspecified","flowType":"ELEMENTARY_FLOW","refUnit":"kg"},"unit":{"@type":"Unit","@id":"20aadc24-a391-41cf-b340-3e4529f44bde","name":"kg"},"flowProperty":{"@type":"FlowProperty","@id":"93a60a56-a3c8-11da-a746-0800200b9a66","name":"Mass","category":"Technical flow properties","refUnit":"kg"}},{"value":8320.0,"flow":{"@type":"Flow","@id":"51e99a55-bcdb-4d18-9484-6de4b142e09d","name":"Methane, trichlorofluoro-, CFC-11","category":"Elementary flows/Emission to air/unspecified","flowType":"ELEMENTARY_FLOW","refUnit":"kg"},"unit":{"@type":"Unit","@id":"20aadc24-a391-41cf-b340-3e4529f44bde","name":"kg"},"flowProperty":{"@type":"FlowProperty","@id":"93a60a56-a3c8-11da-a746-0800200b9a66","name":"Mass","category":"Technical flow properties","refUnit":"kg"}},{"value":8320.0,"flow":{"@type":"Flow","@id":"4ac2ffc3-312e-4e2d-88c4-2630d4a73d8c","name":"Methane, bromotrifluoro-, Halon 1301","category":"Elementary flows/Emission to air/unspecified","flowType":"ELEMENTARY_FLOW","refUnit":"kg"},"unit":{"@type":"Unit","@id":"20aadc24-a391-41cf-b340-3e4529f44bde","name":"kg"},"flowProperty":{"@type":"FlowProperty","@id":"93a60a56-a3c8-11da-a746-0800200b9a66","name":"Mass","category":"Technical flow properties","refUnit":"kg"}},{"value":2710.0,"flow":{"@type":"Flow","@id":"843fd145-61ac-4fa7-a608-ce4ac4d88d49","name":"Ethane, 1,1-dichloro-1-fluoro-, HCFC-141b","category":"Elementary flows/Emission to air/unspecified","flowType":"ELEMENTARY_FLOW","refUnit":"kg"},"unit":{"@type":"Unit","@id":"20aadc24-a391-41cf-b340-3e4529f44bde","name":"kg"},"flowProperty":{"@type":"FlowProperty","@id":"93a60a56-a3c8-11da-a746-0800200b9a66","name":"Mass","category":"Technical flow properties","refUnit":"kg"}},{"value":4.68,"flow":{"@type":"Flow","@id":"03758df7-503a-400e-bc7b-ec05825761a5","name":"Ethane, 1,2-dichloro-","category":"Elementary flows/Emission to air/unspecified","flowType":"ELEMENTARY_FLOW","refUnit":"kg"},"unit":{"@type":"Unit","@id":"20aadc24-a391-41cf-b340-3e4529f44bde","name":"kg"},"flowProperty":{"@type":"FlowProperty","@id":"93a60a56-a3c8-11da-a746-0800200b9a66","name":"Mass","category":"Technical flow properties","refUnit":"kg"}},{"value":12400.0,"flow":{"@type":"Flow","@id":"e5ba3517-a93f-422e-9ce2-f1007fcf6c06","name":"Methane, trifluoro-, HFC-23","category":"Elementary flows/Emission to air/unspecified","flowType":"ELEMENTARY_FLOW","refUnit":"kg"},"unit":{"@type":"Unit","@id":"20aadc24-a391-41cf-b340-3e4529f44bde","name":"kg"},"flowProperty":{"@type":"FlowProperty","@id":"93a60a56-a3c8-11da-a746-0800200b9a66","name":"Mass","category":"Technical flow properties","refUnit":"kg"}},{"value":7.65,"flow":{"@type":"Flow","@id":"9afa0173-ecbd-4f2c-9c5c-b3128a032812","name":"Carbon monoxide, biogenic","category":"Elementary flows/Emission to air/high population density","flowType":"ELEMENTARY_FLOW","refUnit":"kg"},"unit":{"@type":"Unit","@id":"20aadc24-a391-41cf-b340-3e4529f44bde","name":"kg"},"flowProperty":{"@type":"FlowProperty","@id":"93a60a56-a3c8-11da-a746-0800200b9a66","name":"Mass","category":"Technical flow properties","refUnit":"kg"}},{"value":40.2,"flow":{"@type":"Flow","@id":"d4b61c6c-a620-4a91-afc6-ca87ef97b55a","name":"Methane, dichloro-, HCC-30","category":"Elementary flows/Emission to air/low population density","flowType":"ELEMENTARY_FLOW","refUnit":"kg"},"unit":{"@type":"Unit","@id":"20aadc24-a391-41cf-b340-3e4529f44bde","name":"kg"},"flowProperty":{"@type":"FlowProperty","@id":"93a60a56-a3c8-11da-a746-0800200b9a66","name":"Mass","category":"Technical flow properties","refUnit":"kg"}},{"value":2710.0,"flow":{"@type":"Flow","@id":"416eedbd-a7b4-4693-8031-9bfaa2f20ebc","name":"Ethane, 1,1-dichloro-1-fluoro-, HCFC-141b","category":"Elementary flows/Emission to air/low population density","flowType":"ELEMENTARY_FLOW","refUnit":"kg"},"unit":{"@type":"Unit","@id":"20aadc24-a391-41cf-b340-3e4529f44bde","name":"kg"},"flowProperty":{"@type":"FlowProperty","@id":"93a60a56-a3c8-11da-a746-0800200b9a66","name":"Mass","category":"Technical flow properties","refUnit":"kg"}},{"value":5300.0,"flow":{"@type":"Flow","@id":"dfe1da1e-7756-4f7e-a393-6d5e2342a962","name":"Methane, tetrafluoro-, R-14","category":"Elementary flows/Emission to air/high population density","flowType":"ELEMENTARY_FLOW","refUnit":"kg"},"unit":{"@type":"Unit","@id":"20aadc24-a391-41cf-b340-3e4529f44bde","name":"kg"},"flowProperty":{"@type":"FlowProperty","@id":"93a60a56-a3c8-11da-a746-0800200b9a66","name":"Mass","category":"Technical flow properties","refUnit":"kg"}},{"value":19.9,"flow":{"@type":"Flow","@id":"77baca1e-1fb6-49f0-8799-c37f3c31debb","name":"Chloromethane","category":"Elementary flows/Emission to air/unspecified","flowType":"ELEMENTARY_FLOW","refUnit":"kg"},"unit":{"@type":"Unit","@id":"20aadc24-a391-41cf-b340-3e4529f44bde","name":"kg"},"flowProperty":{"@type":"FlowProperty","@id":"93a60a56-a3c8-11da-a746-0800200b9a66","name":"Mass","category":"Technical flow properties","refUnit":"kg"}},{"value":14.0,"flow":{"@type":"Flow","@id":"c888bc3f-0e23-3f62-81ed-5f3629c2722e","name":"VOC, volatile organic compounds","category":"Elementary flows/Emission to air/unspecified","flowType":"ELEMENTARY_FLOW","refUnit":"kg"},"unit":{"@type":"Unit","@id":"20aadc24-a391-41cf-b340-3e4529f44bde","name":"kg"},"flowProperty":{"@type":"FlowProperty","@id":"93a60a56-a3c8-11da-a746-0800200b9a66","name":"Mass","category":"Technical flow properties","refUnit":"kg"}},{"value":0.022,"flow":{"@type":"Flow","@id":"892f10da-7bf2-42b3-b171-221989661a05","name":"Butane","category":"Elementary flows/Emission to air/high population density","flowType":"ELEMENTARY_FLOW","refUnit":"kg"},"unit":{"@type":"Unit","@id":"20aadc24-a391-41cf-b340-3e4529f44bde","name":"kg"},"flowProperty":{"@type":"FlowProperty","@id":"93a60a56-a3c8-11da-a746-0800200b9a66","name":"Mass","category":"Technical flow properties","refUnit":"kg"}},{"value":22.8,"flow":{"@type":"Flow","@id":"9bc66656-9f37-44bc-ae0b-5d5243b8137e","name":"Ethene, tetrachloro-","category":"Elementary flows/Emission to air/unspecified","flowType":"ELEMENTARY_FLOW","refUnit":"kg"},"unit":{"@type":"Unit","@id":"20aadc24-a391-41cf-b340-3e4529f44bde","name":"kg"},"flowProperty":{"@type":"FlowProperty","@id":"93a60a56-a3c8-11da-a746-0800200b9a66","name":"Mass","category":"Technical flow properties","refUnit":"kg"}},{"value":2710.0,"flow":{"@type":"Flow","@id":"033d3a16-e1a2-4ce8-8769-f4ea867801ca","name":"Ethane, 1,1-dichloro-1-fluoro-, HCFC-141b","category":"Elementary flows/Emission to air/high population density","flowType":"ELEMENTARY_FLOW","refUnit":"kg"},"unit":{"@type":"Unit","@id":"20aadc24-a391-41cf-b340-3e4529f44bde","name":"kg"},"flowProperty":{"@type":"FlowProperty","@id":"93a60a56-a3c8-11da-a746-0800200b9a66","name":"Mass","category":"Technical flow properties","refUnit":"kg"}},{"value":5510.0,"flow":{"@type":"Flow","@id":"400be66e-4383-482a-93e3-c005e96de261","name":"Ethane, 1-chloro-1,1-difluoro-, HCFC-142b","category":"Elementary flows/Emission to air/high population density","flowType":"ELEMENTARY_FLOW","refUnit":"kg"},"unit":{"@type":"Unit","@id":"20aadc24-a391-41cf-b340-3e4529f44bde","name":"kg"},"flowProperty":{"@type":"FlowProperty","@id":"93a60a56-a3c8-11da-a746-0800200b9a66","name":"Mass","category":"Technical flow properties","refUnit":"kg"}},{"value":5510.0,"flow":{"@type":"Flow","@id":"ba781ac6-cdf1-4a09-86b5-76b19ed3438b","name":"Ethane, 1-chloro-1,1-difluoro-, HCFC-142b","category":"Elementary flows/Emission to air/unspecified","flowType":"ELEMENTARY_FLOW","refUnit":"kg"},"unit":{"@type":"Unit","@id":"20aadc24-a391-41cf-b340-3e4529f44bde","name":"kg"},"flowProperty":{"@type":"FlowProperty","@id":"93a60a56-a3c8-11da-a746-0800200b9a66","name":"Mass","category":"Technical flow properties","refUnit":"kg"}},{"value":8940.0,"flow":{"@type":"Flow","@id":"8f3e0579-d07d-48c9-b41a-fb559728f9c0","name":"Ethane, hexafluoro-, HFC-116","category":"Elementary flows/Emission to air/low population density","flowType":"ELEMENTARY_FLOW","refUnit":"kg"},"unit":{"@type":"Unit","@id":"20aadc24-a391-41cf-b340-3e4529f44bde","name":"kg"},"flowProperty":{"@type":"FlowProperty","@id":"93a60a56-a3c8-11da-a746-0800200b9a66","name":"Mass","category":"Technical flow properties","refUnit":"kg"}},{"value":22.8,"flow":{"@type":"Flow","@id":"754028fd-e650-4804-922e-694a764ba578","name":"Ethene, tetrachloro-","category":"Elementary flows/Emission to air/low population density","flowType":"ELEMENTARY_FLOW","refUnit":"kg"},"unit":{"@type":"Unit","@id":"20aadc24-a391-41cf-b340-3e4529f44bde","name":"kg"},"flowProperty":{"@type":"FlowProperty","@id":"93a60a56-a3c8-11da-a746-0800200b9a66","name":"Mass","category":"Technical flow properties","refUnit":"kg"}},{"value":8260.0,"flow":{"@type":"Flow","@id":"1584734d-c5c8-42a5-aa51-0f6a92a9cc0d","name":"Ethane, 1,2-dichloro-1,1,2,2-tetrafluoro-, CFC-114","category":"Elementary flows/Emission to air/low population density","flowType":"ELEMENTARY_FLOW","refUnit":"kg"},"unit":{"@type":"Unit","@id":"20aadc24-a391-41cf-b340-3e4529f44bde","name":"kg"},"flowProperty":{"@type":"FlowProperty","@id":"93a60a56-a3c8-11da-a746-0800200b9a66","name":"Mass","category":"Technical flow properties","refUnit":"kg"}},{"value":74.2,"flow":{"@type":"Flow","@id":"fbf6ab3a-74e3-4cbe-b61d-959728bdce46","name":"Chloroform","category":"Elementary flows/Emission to air/unspecified","flowType":"ELEMENTARY_FLOW","refUnit":"kg"},"unit":{"@type":"Unit","@id":"20aadc24-a391-41cf-b340-3e4529f44bde","name":"kg"},"flowProperty":{"@type":"FlowProperty","@id":"93a60a56-a3c8-11da-a746-0800200b9a66","name":"Mass","category":"Technical flow properties","refUnit":"kg"}},{"value":1.73,"flow":{"@type":"Flow","@id":"f3f34697-7231-4575-aaf5-e35b972d329a","name":"Monochloroethane","category":"Elementary flows/Emission to air/high population density","flowType":"ELEMENTARY_FLOW","refUnit":"kg"},"unit":{"@type":"Unit","@id":"20aadc24-a391-41cf-b340-3e4529f44bde","name":"kg"},"flowProperty":{"@type":"FlowProperty","@id":"93a60a56-a3c8-11da-a746-0800200b9a66","name":"Mass","category":"Technical flow properties","refUnit":"kg"}},{"value":1.0,"flow":{"@type":"Flow","@id":"f9749677-9c9f-4678-ab55-c607dfdc2cb9","name":"Carbon dioxide, fossil","category":"Elementary flows/Emission to air/high population density","flowType":"ELEMENTARY_FLOW","refUnit":"kg"},"unit":{"@type":"Unit","@id":"20aadc24-a391-41cf-b340-3e4529f44bde","name":"kg"},"flowProperty":{"@type":"FlowProperty","@id":"93a60a56-a3c8-11da-a746-0800200b9a66","name":"Mass","category":"Technical flow properties","refUnit":"kg"}},{"value":567.0,"flow":{"@type":"Flow","@id":"99585564-bfce-4845-9aaa-2f24b8f26a41","name":"Ethane, 1,1,1-trichloro-, HCFC-140","category":"Elementary flows/Emission to air/low population density","flowType":"ELEMENTARY_FLOW","refUnit":"kg"},"unit":{"@type":"Unit","@id":"20aadc24-a391-41cf-b340-3e4529f44bde","name":"kg"},"flowProperty":{"@type":"FlowProperty","@id":"93a60a56-a3c8-11da-a746-0800200b9a66","name":"Mass","category":"Technical flow properties","refUnit":"kg"}},{"value":575.0,"flow":{"@type":"Flow","@id":"04a6edb8-624a-484e-8f85-d771657adae7","name":"Methane, dichlorofluoro-, HCFC-21","category":"Elementary flows/Emission to air/unspecified","flowType":"ELEMENTARY_FLOW","refUnit":"kg"},"unit":{"@type":"Unit","@id":"20aadc24-a391-41cf-b340-3e4529f44bde","name":"kg"},"flowProperty":{"@type":"FlowProperty","@id":"93a60a56-a3c8-11da-a746-0800200b9a66","name":"Mass","category":"Technical flow properties","refUnit":"kg"}},{"value":0.022,"flow":{"@type":"Flow","@id":"982b0510-96ac-4bcb-a758-e98006b95f4d","name":"Butane","category":"Elementary flows/Emission to air/unspecified","flowType":"ELEMENTARY_FLOW","refUnit":"kg"},"unit":{"@type":"Unit","@id":"20aadc24-a391-41cf-b340-3e4529f44bde","name":"kg"},"flowProperty":{"@type":"FlowProperty","@id":"93a60a56-a3c8-11da-a746-0800200b9a66","name":"Mass","category":"Technical flow properties","refUnit":"kg"}},{"value":1.0,"flow":{"@type":"Flow","@id":"e8787b5e-d927-446d-81a9-f56977bbfeb4","name":"Carbon dioxide, land transformation","category":"Elementary flows/Emission to air/high population density","flowType":"ELEMENTARY_FLOW","refUnit":"kg"},"unit":{"@type":"Unit","@id":"20aadc24-a391-41cf-b340-3e4529f44bde","name":"kg"},"flowProperty":{"@type":"FlowProperty","@id":"93a60a56-a3c8-11da-a746-0800200b9a66","name":"Mass","category":"Technical flow properties","refUnit":"kg"}},{"value":9.2214,"flow":{"@type":"Flow","@id":"6edcc2df-88a3-48e1-83d8-ffc38d31c35b","name":"Carbon monoxide, fossil","category":"Elementary flows/Emission to air/high population density","flowType":"ELEMENTARY_FLOW","refUnit":"kg"},"unit":{"@type":"Unit","@id":"20aadc24-a391-41cf-b340-3e4529f44bde","name":"kg"},"flowProperty":{"@type":"FlowProperty","@id":"93a60a56-a3c8-11da-a746-0800200b9a66","name":"Mass","category":"Technical flow properties","refUnit":"kg"}},{"value":7.65,"flow":{"@type":"Flow","@id":"b821ad93-ba6a-4d74-b6ae-ca12cd9563d7","name":"Carbon monoxide, land transformation","category":"Elementary flows/Emission to air/low population density","flowType":"ELEMENTARY_FLOW","refUnit":"kg"},"unit":{"@type":"Unit","@id":"20aadc24-a391-41cf-b340-3e4529f44bde","name":"kg"},"flowProperty":{"@type":"FlowProperty","@id":"93a60a56-a3c8-11da-a746-0800200b9a66","name":"Mass","category":"Technical flow properties","refUnit":"kg"}},{"value":13400.0,"flow":{"@type":"Flow","@id":"1fdc280a-34d3-4513-b110-3f526b17c443","name":"Nitrogen fluoride","category":"Elementary flows/Emission to air/high population density","flowType":"ELEMENTARY_FLOW","refUnit":"kg"},"unit":{"@type":"Unit","@id":"20aadc24-a391-41cf-b340-3e4529f44bde","name":"kg"},"flowProperty":{"@type":"FlowProperty","@id":"93a60a56-a3c8-11da-a746-0800200b9a66","name":"Mass","category":"Technical flow properties","refUnit":"kg"}},{"value":5300.0,"flow":{"@type":"Flow","@id":"b353e7d2-5b94-4b6e-a3e5-de0a10bef851","name":"Methane, tetrafluoro-, R-14","category":"Elementary flows/Emission to air/low population density","flowType":"ELEMENTARY_FLOW","refUnit":"kg"},"unit":{"@type":"Unit","@id":"20aadc24-a391-41cf-b340-3e4529f44bde","name":"kg"},"flowProperty":{"@type":"FlowProperty","@id":"93a60a56-a3c8-11da-a746-0800200b9a66","name":"Mass","category":"Technical flow properties","refUnit":"kg"}},{"value":6860.0,"flow":{"@type":"Flow","@id":"cacfd448-6c2d-4061-9363-fd506b979f25","name":"Ethane, 1,1,2-trichloro-1,2,2-trifluoro-, CFC-113","category":"Elementary flows/Emission to air/unspecified","flowType":"ELEMENTARY_FLOW","refUnit":"kg"},"unit":{"@type":"Unit","@id":"20aadc24-a391-41cf-b340-3e4529f44bde","name":"kg"},"flowProperty":{"@type":"FlowProperty","@id":"93a60a56-a3c8-11da-a746-0800200b9a66","name":"Mass","category":"Technical flow properties","refUnit":"kg"}},{"value":2070.0,"flow":{"@type":"Flow","@id":"71a6ea76-6642-4573-bed2-c1884e6792fd","name":"Ethane, 2-chloro-1,1,1,2-tetrafluoro-, HCFC-124","category":"Elementary flows/Emission to air/low population density","flowType":"ELEMENTARY_FLOW","refUnit":"kg"},"unit":{"@type":"Unit","@id":"20aadc24-a391-41cf-b340-3e4529f44bde","name":"kg"},"flowProperty":{"@type":"FlowProperty","@id":"93a60a56-a3c8-11da-a746-0800200b9a66","name":"Mass","category":"Technical flow properties","refUnit":"kg"}},{"value":8320.0,"flow":{"@type":"Flow","@id":"82957257-07f3-4536-ac8b-175cb2353c75","name":"Methane, bromotrifluoro-, Halon 1301","category":"Elementary flows/Emission to air/low population density","flowType":"ELEMENTARY_FLOW","refUnit":"kg"},"unit":{"@type":"Unit","@id":"20aadc24-a391-41cf-b340-3e4529f44bde","name":"kg"},"flowProperty":{"@type":"FlowProperty","@id":"93a60a56-a3c8-11da-a746-0800200b9a66","name":"Mass","category":"Technical flow properties","refUnit":"kg"}},{"value":0.158,"flow":{"@type":"Flow","@id":"0e7c1a7b-cd98-4f8d-a619-a687d3e2cb48","name":"Ethene, trichloro-","category":"Elementary flows/Emission to air/high population density","flowType":"ELEMENTARY_FLOW","refUnit":"kg"},"unit":{"@type":"Unit","@id":"20aadc24-a391-41cf-b340-3e4529f44bde","name":"kg"},"flowProperty":{"@type":"FlowProperty","@id":"93a60a56-a3c8-11da-a746-0800200b9a66","name":"Mass","category":"Technical flow properties","refUnit":"kg"}},{"value":9.2214,"flow":{"@type":"Flow","@id":"ba2f3f82-c93a-47a5-822a-37ec97495275","name":"Carbon monoxide, fossil","category":"Elementary flows/Emission to air/unspecified","flowType":"ELEMENTARY_FLOW","refUnit":"kg"},"unit":{"@type":"Unit","@id":"20aadc24-a391-41cf-b340-3e4529f44bde","name":"kg"},"flowProperty":{"@type":"FlowProperty","@id":"93a60a56-a3c8-11da-a746-0800200b9a66","name":"Mass","category":"Technical flow properties","refUnit":"kg"}},{"value":286.0,"flow":{"@type":"Flow","@id":"5fa05c4f-8766-41ff-9dd1-fa47c0b7ea48","name":"Methane, chloro-fluoro-, HCFC-31","category":"Elementary flows/Emission to air/high population density","flowType":"ELEMENTARY_FLOW","refUnit":"kg"},"unit":{"@type":"Unit","@id":"20aadc24-a391-41cf-b340-3e4529f44bde","name":"kg"},"flowProperty":{"@type":"FlowProperty","@id":"93a60a56-a3c8-11da-a746-0800200b9a66","name":"Mass","category":"Technical flow properties","refUnit":"kg"}},{"value":0.022,"flow":{"@type":"Flow","@id":"fa5512cf-04a2-4014-8e96-d3e2d137f0df","name":"Butane","category":"Elementary flows/Emission to air/low population density","flowType":"ELEMENTARY_FLOW","refUnit":"kg"},"unit":{"@type":"Unit","@id":"20aadc24-a391-41cf-b340-3e4529f44bde","name":"kg"},"flowProperty":{"@type":"FlowProperty","@id":"93a60a56-a3c8-11da-a746-0800200b9a66","name":"Mass","category":"Technical flow properties","refUnit":"kg"}},{"value":40.2,"flow":{"@type":"Flow","@id":"2716807d-0266-48ff-bb7a-6e6c5fbfd5c5","name":"Methane, dichloro-, HCC-30","category":"Elementary flows/Emission to air/high population density","flowType":"ELEMENTARY_FLOW","refUnit":"kg"},"unit":{"@type":"Unit","@id":"20aadc24-a391-41cf-b340-3e4529f44bde","name":"kg"},"flowProperty":{"@type":"FlowProperty","@id":"93a60a56-a3c8-11da-a746-0800200b9a66","name":"Mass","category":"Technical flow properties","refUnit":"kg"}},{"value":12400.0,"flow":{"@type":"Flow","@id":"23a9f33d-dbab-4fcc-8f49-1df731b0b827","name":"Methane, chlorotrifluoro-, CFC-13","category":"Elementary flows/Emission to air/low population density","flowType":"ELEMENTARY_FLOW","refUnit":"kg"},"unit":{"@type":"Unit","@id":"20aadc24-a391-41cf-b340-3e4529f44bde","name":"kg"},"flowProperty":{"@type":"FlowProperty","@id":"93a60a56-a3c8-11da-a746-0800200b9a66","name":"Mass","category":"Technical flow properties","refUnit":"kg"}},{"value":273.0,"flow":{"@type":"Flow","@id":"20185046-64bb-4c09-a8e7-e8a9e144ca98","name":"Dinitrogen monoxide","category":"Elementary flows/Emission to air/unspecified","flowType":"ELEMENTARY_FLOW","refUnit":"kg"},"unit":{"@type":"Unit","@id":"20aadc24-a391-41cf-b340-3e4529f44bde","name":"kg"},"flowProperty":{"@type":"FlowProperty","@id":"93a60a56-a3c8-11da-a746-0800200b9a66","name":"Mass","category":"Technical flow properties","refUnit":"kg"}},{"value":4.68,"flow":{"@type":"Flow","@id":"89324b2f-1e73-4eb1-9716-96b9be0349ac","name":"Ethane, 1,2-dichloro-","category":"Elementary flows/Emission to air/low population density","flowType":"ELEMENTARY_FLOW","refUnit":"kg"},"unit":{"@type":"Unit","@id":"20aadc24-a391-41cf-b340-3e4529f44bde","name":"kg"},"flowProperty":{"@type":"FlowProperty","@id":"93a60a56-a3c8-11da-a746-0800200b9a66","name":"Mass","category":"Technical flow properties","refUnit":"kg"}},{"value":1.0,"flow":{"@type":"Flow","@id":"e4e9febc-07c1-403d-8d3a-6707bb4d96e6","name":"Carbon dioxide, land transformation","category":"Elementary flows/Emission to air/unspecified","flowType":"ELEMENTARY_FLOW","refUnit":"kg"},"unit":{"@type":"Unit","@id":"20aadc24-a391-41cf-b340-3e4529f44bde","name":"kg"},"flowProperty":{"@type":"FlowProperty","@id":"93a60a56-a3c8-11da-a746-0800200b9a66","name":"Mass","category":"Technical flow properties","refUnit":"kg"}},{"value":13400.0,"flow":{"@type":"Flow","@id":"e79e03c3-5b19-45f6-b3f3-bf710c6663d2","name":"Nitrogen fluoride","category":"Elementary flows/Emission to air/unspecified","flowType":"ELEMENTARY_FLOW","refUnit":"kg"},"unit":{"@type":"Unit","@id":"20aadc24-a391-41cf-b340-3e4529f44bde","name":"kg"},"flowProperty":{"@type":"FlowProperty","@id":"93a60a56-a3c8-11da-a746-0800200b9a66","name":"Mass","category":"Technical flow properties","refUnit":"kg"}},{"value":1.57,"flow":{"@type":"Flow","@id":"9ea11aea-7cb7-4b38-b936-a42c2a4bac97","name":"Ethane","category":"Elementary flows/Emission to air/high population density","flowType":"ELEMENTARY_FLOW","refUnit":"kg"},"unit":{"@type":"Unit","@id":"20aadc24-a391-41cf-b340-3e4529f44bde","name":"kg"},"flowProperty":{"@type":"FlowProperty","@id":"93a60a56-a3c8-11da-a746-0800200b9a66","name":"Mass","category":"Technical flow properties","refUnit":"kg"}},{"value":7410.0,"flow":{"@type":"Flow","@id":"6f8ce7a4-d66a-4593-9314-51778aa09d4b","name":"Ethane, chloropentafluoro-, CFC-115","category":"Elementary flows/Emission to air/low population density","flowType":"ELEMENTARY_FLOW","refUnit":"kg"},"unit":{"@type":"Unit","@id":"20aadc24-a391-41cf-b340-3e4529f44bde","name":"kg"},"flowProperty":{"@type":"FlowProperty","@id":"93a60a56-a3c8-11da-a746-0800200b9a66","name":"Mass","category":"Technical flow properties","refUnit":"kg"}},{"value":325.0,"flow":{"@type":"Flow","@id":"2cbc6042-2cee-4668-8017-d7f805d9029e","name":"Ethane, 2,2-dichloro-1,1,1-trifluoro-, HCFC-123","category":"Elementary flows/Emission to air/low population density","flowType":"ELEMENTARY_FLOW","refUnit":"kg"},"unit":{"@type":"Unit","@id":"20aadc24-a391-41cf-b340-3e4529f44bde","name":"kg"},"flowProperty":{"@type":"FlowProperty","@id":"93a60a56-a3c8-11da-a746-0800200b9a66","name":"Mass","category":"Technical flow properties","refUnit":"kg"}},{"value":79.7,"flow":{"@type":"Flow","@id":"da1157e2-7593-4dfd-80dd-a3449b37a4d8","name":"Methane, biogenic","category":"Elementary flows/Emission to air/unspecified","flowType":"ELEMENTARY_FLOW","refUnit":"kg"},"unit":{"@type":"Unit","@id":"20aadc24-a391-41cf-b340-3e4529f44bde","name":"kg"},"flowProperty":{"@type":"FlowProperty","@id":"93a60a56-a3c8-11da-a746-0800200b9a66","name":"Mass","category":"Technical flow properties","refUnit":"kg"}},{"value":7410.0,"flow":{"@type":"Flow","@id":"15e54d5b-aba2-40a6-9aa8-aa2b8c432129","name":"Ethane, chloropentafluoro-, CFC-115","category":"Elementary flows/Emission to air/high population density","flowType":"ELEMENTARY_FLOW","refUnit":"kg"},"unit":{"@type":"Unit","@id":"20aadc24-a391-41cf-b340-3e4529f44bde","name":"kg"},"flowProperty":{"@type":"FlowProperty","@id":"93a60a56-a3c8-11da-a746-0800200b9a66","name":"Mass","category":"Technical flow properties","refUnit":"kg"}},{"value":8320.0,"flow":{"@type":"Flow","@id":"18ddd879-5496-4419-8ab7-e0d3864d977d","name":"Methane, bromotrifluoro-, Halon 1301","category":"Elementary flows/Emission to air/high population density","flowType":"ELEMENTARY_FLOW","refUnit":"kg"},"unit":{"@type":"Unit","@id":"20aadc24-a391-41cf-b340-3e4529f44bde","name":"kg"},"flowProperty":{"@type":"FlowProperty","@id":"93a60a56-a3c8-11da-a746-0800200b9a66","name":"Mass","category":"Technical flow properties","refUnit":"kg"}},{"value":22.8,"flow":{"@type":"Flow","@id":"d2d4b344-3c58-4b0c-868a-ac0bdb2027dc","name":"Ethene, tetrachloro-","category":"Elementary flows/Emission to air/high population density","flowType":"ELEMENTARY_FLOW","refUnit":"kg"},"unit":{"@type":"Unit","@id":"20aadc24-a391-41cf-b340-3e4529f44bde","name":"kg"},"flowProperty":{"@type":"FlowProperty","@id":"93a60a56-a3c8-11da-a746-0800200b9a66","name":"Mass","category":"Technical flow properties","refUnit":"kg"}},{"value":18300.0,"flow":{"@type":"Flow","@id":"856c9aa2-c20c-49a8-9417-c71bdb5f17b0","name":"Sulfur hexafluoride","category":"Elementary flows/Emission to air/high population density","flowType":"ELEMENTARY_FLOW","refUnit":"kg"},"unit":{"@type":"Unit","@id":"20aadc24-a391-41cf-b340-3e4529f44bde","name":"kg"},"flowProperty":{"@type":"FlowProperty","@id":"93a60a56-a3c8-11da-a746-0800200b9a66","name":"Mass","category":"Technical flow properties","refUnit":"kg"}},{"value":8940.0,"flow":{"@type":"Flow","@id":"df5dd437-2e12-4af6-8f7a-9c8224857dc5","name":"Ethane, hexafluoro-, HFC-116","category":"Elementary flows/Emission to air/high population density","flowType":"ELEMENTARY_FLOW","refUnit":"kg"},"unit":{"@type":"Unit","@id":"20aadc24-a391-41cf-b340-3e4529f44bde","name":"kg"},"flowProperty":{"@type":"FlowProperty","@id":"93a60a56-a3c8-11da-a746-0800200b9a66","name":"Mass","category":"Technical flow properties","refUnit":"kg"}},{"value":79.7,"flow":{"@type":"Flow","@id":"57bdb443-d4a6-423d-8024-959b8261d02e","name":"Methane, biogenic","category":"Elementary flows/Emission to air/low population density","flowType":"ELEMENTARY_FLOW","refUnit":"kg"},"unit":{"@type":"Unit","@id":"20aadc24-a391-41cf-b340-3e4529f44bde","name":"kg"},"flowProperty":{"@type":"FlowProperty","@id":"93a60a56-a3c8-11da-a746-0800200b9a66","name":"Mass","category":"Technical flow properties","refUnit":"kg"}},{"value":3810.0,"flow":{"@type":"Flow","@id":"86d12e70-0c64-4ecf-ba52-114fa0c5d402","name":"Methane, tetrachloro-, R-10","category":"Elementary flows/Emission to air/unspecified","flowType":"ELEMENTARY_FLOW","refUnit":"kg"},"unit":{"@type":"Unit","@id":"20aadc24-a391-41cf-b340-3e4529f44bde","name":"kg"},"flowProperty":{"@type":"FlowProperty","@id":"93a60a56-a3c8-11da-a746-0800200b9a66","name":"Mass","category":"Technical flow properties","refUnit":"kg"}},{"value":3810.0,"flow":{"@type":"Flow","@id":"0f9f3e17-eb81-4adb-8170-049bc6b66728","name":"Methane, tetrachloro-, R-10","category":"Elementary flows/Emission to air/low population density","flowType":"ELEMENTARY_FLOW","refUnit":"kg"},"unit":{"@type":"Unit","@id":"20aadc24-a391-41cf-b340-3e4529f44bde","name":"kg"},"flowProperty":{"@type":"FlowProperty","@id":"93a60a56-a3c8-11da-a746-0800200b9a66","name":"Mass","category":"Technical flow properties","refUnit":"kg"}},{"value":3810.0,"flow":{"@type":"Flow","@id":"5c97dd6c-aaa5-4477-aaf8-dbd0674499c4","name":"Methane, tetrachloro-, R-10","category":"Elementary flows/Emission to air/high population density","flowType":"ELEMENTARY_FLOW","refUnit":"kg"},"unit":{"@type":"Unit","@id":"20aadc24-a391-41cf-b340-3e4529f44bde","name":"kg"},"flowProperty":{"@type":"FlowProperty","@id":"93a60a56-a3c8-11da-a746-0800200b9a66","name":"Mass","category":"Technical flow properties","refUnit":"kg"}},{"value":8.74,"flow":{"@type":"Flow","@id":"701cda28-4722-431c-b52f-05a735ef5ed3","name":"Methane, bromo-, Halon 1001","category":"Elementary flows/Emission to air/low population density","flowType":"ELEMENTARY_FLOW","refUnit":"kg"},"unit":{"@type":"Unit","@id":"20aadc24-a391-41cf-b340-3e4529f44bde","name":"kg"},"flowProperty":{"@type":"FlowProperty","@id":"93a60a56-a3c8-11da-a746-0800200b9a66","name":"Mass","category":"Technical flow properties","refUnit":"kg"}},{"value":6860.0,"flow":{"@type":"Flow","@id":"47c12d99-c2dc-41cf-bad1-cd31c2fe0421","name":"Ethane, 1,1,2-trichloro-1,2,2-trifluoro-, CFC-113","category":"Elementary flows/Emission to air/low population density","flowType":"ELEMENTARY_FLOW","refUnit":"kg"},"unit":{"@type":"Unit","@id":"20aadc24-a391-41cf-b340-3e4529f44bde","name":"kg"},"flowProperty":{"@type":"FlowProperty","@id":"93a60a56-a3c8-11da-a746-0800200b9a66","name":"Mass","category":"Technical flow properties","refUnit":"kg"}},{"value":1.0,"flow":{"@type":"Flow","@id":"78eb1859-abd9-44c6-9ce3-f3b5b33d619c","name":"Carbon dioxide, land transformation","category":"Elementary flows/Emission to air/low population density","flowType":"ELEMENTARY_FLOW","refUnit":"kg"},"unit":{"@type":"Unit","@id":"20aadc24-a391-41cf-b340-3e4529f44bde","name":"kg"},"flowProperty":{"@type":"FlowProperty","@id":"93a60a56-a3c8-11da-a746-0800200b9a66","name":"Mass","category":"Technical flow properties","refUnit":"kg"}},{"value":19.9,"flow":{"@type":"Flow","@id":"18ea247b-edc2-43fe-89bd-cedd04102bcc","name":"Methane, monochloro-, R-40","category":"Elementary flows/Emission to air/unspecified","flowType":"ELEMENTARY_FLOW","refUnit":"kg"},"unit":{"@type":"Unit","@id":"20aadc24-a391-41cf-b340-3e4529f44bde","name":"kg"},"flowProperty":{"@type":"FlowProperty","@id":"93a60a56-a3c8-11da-a746-0800200b9a66","name":"Mass","category":"Technical flow properties","refUnit":"kg"}},{"value":8.74,"flow":{"@type":"Flow","@id":"8c283de2-50d3-40c8-8bff-1e172c3398f8","name":"Methane, bromo-, Halon 1001","category":"Elementary flows/Emission to air/unspecified","flowType":"ELEMENTARY_FLOW","refUnit":"kg"},"unit":{"@type":"Unit","@id":"20aadc24-a391-41cf-b340-3e4529f44bde","name":"kg"},"flowProperty":{"@type":"FlowProperty","@id":"93a60a56-a3c8-11da-a746-0800200b9a66","name":"Mass","category":"Technical flow properties","refUnit":"kg"}},{"value":82.5,"flow":{"@type":"Flow","@id":"5f7aad3d-566c-4d0d-ad59-e765f971aa0f","name":"Methane, fossil","category":"Elementary flows/Emission to air/high population density","flowType":"ELEMENTARY_FLOW","refUnit":"kg"},"unit":{"@type":"Unit","@id":"20aadc24-a391-41cf-b340-3e4529f44bde","name":"kg"},"flowProperty":{"@type":"FlowProperty","@id":"93a60a56-a3c8-11da-a746-0800200b9a66","name":"Mass","category":"Technical flow properties","refUnit":"kg"}},{"value":1.0,"flow":{"@type":"Flow","@id":"16eeda8a-1ea2-408e-ab37-2648495058dd","name":"Carbon dioxide, fossil","category":"Elementary flows/Emission to air/lower stratosphere + upper troposphere","flowType":"ELEMENTARY_FLOW","refUnit":"kg"},"unit":{"@type":"Unit","@id":"20aadc24-a391-41cf-b340-3e4529f44bde","name":"kg"},"flowProperty":{"@type":"FlowProperty","@id":"93a60a56-a3c8-11da-a746-0800200b9a66","name":"Mass","category":"Technical flow properties","refUnit":"kg"}},{"value":325.0,"flow":{"@type":"Flow","@id":"db907ff7-6cf0-4f88-9376-116262dfad6d","name":"Ethane, 2,2-dichloro-1,1,1-trifluoro-, HCFC-123","category":"Elementary flows/Emission to air/high population density","flowType":"ELEMENTARY_FLOW","refUnit":"kg"},"unit":{"@type":"Unit","@id":"20aadc24-a391-41cf-b340-3e4529f44bde","name":"kg"},"flowProperty":{"@type":"FlowProperty","@id":"93a60a56-a3c8-11da-a746-0800200b9a66","name":"Mass","category":"Technical flow properties","refUnit":"kg"}},{"value":-1.0,"flow":{"@type":"Flow","@id":"60d424f7-d5a9-4549-9540-da06684bc3bb","name":"Carbon dioxide, to soil or biomass stock","category":"Elementary flows/Emission to soil/industrial","flowType":"ELEMENTARY_FLOW","refUnit":"kg"},"unit":{"@type":"Unit","@id":"20aadc24-a391-41cf-b340-3e4529f44bde","name":"kg"},"flowProperty":{"@type":"FlowProperty","@id":"93a60a56-a3c8-11da-a746-0800200b9a66","name":"Mass","category":"Technical flow properties","refUnit":"kg"}},{"value":7840.0,"flow":{"@type":"Flow","@id":"e86bfec2-1025-4fa2-90b1-81e35e621e91","name":"Ethane, 1,1,1-trifluoro-, HFC-143a","category":"Elementary flows/Emission to air/unspecified","flowType":"ELEMENTARY_FLOW","refUnit":"kg"},"unit":{"@type":"Unit","@id":"20aadc24-a391-41cf-b340-3e4529f44bde","name":"kg"},"flowProperty":{"@type":"FlowProperty","@id":"93a60a56-a3c8-11da-a746-0800200b9a66","name":"Mass","category":"Technical flow properties","refUnit":"kg"}},{"value":1.0,"flow":{"@type":"Flow","@id":"aa7cac3a-3625-41d4-bc54-33e2cf11ec46","name":"Carbon dioxide, fossil","category":"Elementary flows/Emission to air/low population density","flowType":"ELEMENTARY_FLOW","refUnit":"kg"},"unit":{"@type":"Unit","@id":"20aadc24-a391-41cf-b340-3e4529f44bde","name":"kg"},"flowProperty":{"@type":"FlowProperty","@id":"93a60a56-a3c8-11da-a746-0800200b9a66","name":"Mass","category":"Technical flow properties","refUnit":"kg"}},{"value":6740.0,"flow":{"@type":"Flow","@id":"84386543-b148-465b-9265-ad638c12e263","name":"Ethane, pentafluoro-, HFC-125","category":"Elementary flows/Emission to air/low population density","flowType":"ELEMENTARY_FLOW","refUnit":"kg"},"unit":{"@type":"Unit","@id":"20aadc24-a391-41cf-b340-3e4529f44bde","name":"kg"},"flowProperty":{"@type":"FlowProperty","@id":"93a60a56-a3c8-11da-a746-0800200b9a66","name":"Mass","category":"Technical flow properties","refUnit":"kg"}},{"value":12400.0,"flow":{"@type":"Flow","@id":"e06e2e1e-ad87-49e2-a184-f2d1c48b7b46","name":"Methane, chlorotrifluoro-, CFC-13","category":"Elementary flows/Emission to air/unspecified","flowType":"ELEMENTARY_FLOW","refUnit":"kg"},"unit":{"@type":"Unit","@id":"20aadc24-a391-41cf-b340-3e4529f44bde","name":"kg"},"flowProperty":{"@type":"FlowProperty","@id":"93a60a56-a3c8-11da-a746-0800200b9a66","name":"Mass","category":"Technical flow properties","refUnit":"kg"}},{"value":18300.0,"flow":{"@type":"Flow","@id":"35d1dff5-b535-4628-9826-4a8fce08a1f2","name":"Sulfur hexafluoride","category":"Elementary flows/Emission to air/unspecified","flowType":"ELEMENTARY_FLOW","refUnit":"kg"},"unit":{"@type":"Unit","@id":"20aadc24-a391-41cf-b340-3e4529f44bde","name":"kg"},"flowProperty":{"@type":"FlowProperty","@id":"93a60a56-a3c8-11da-a746-0800200b9a66","name":"Mass","category":"Technical flow properties","refUnit":"kg"}},{"value":575.0,"flow":{"@type":"Flow","@id":"3c8af80d-7ff8-43f4-b1a7-cef73b1b4682","name":"Methane, dichlorofluoro-, HCFC-21","category":"Elementary flows/Emission to air/high population density","flowType":"ELEMENTARY_FLOW","refUnit":"kg"},"unit":{"@type":"Unit","@id":"20aadc24-a391-41cf-b340-3e4529f44bde","name":"kg"},"flowProperty":{"@type":"FlowProperty","@id":"93a60a56-a3c8-11da-a746-0800200b9a66","name":"Mass","category":"Technical flow properties","refUnit":"kg"}},{"value":2070.0,"flow":{"@type":"Flow","@id":"27f61651-96a5-45c7-9873-832626cf6905","name":"Ethane, 2-chloro-1,1,1,2-tetrafluoro-, HCFC-124","category":"Elementary flows/Emission to air/high population density","flowType":"ELEMENTARY_FLOW","refUnit":"kg"},"unit":{"@type":"Unit","@id":"20aadc24-a391-41cf-b340-3e4529f44bde","name":"kg"},"flowProperty":{"@type":"FlowProperty","@id":"93a60a56-a3c8-11da-a746-0800200b9a66","name":"Mass","category":"Technical flow properties","refUnit":"kg"}},{"value":591.0,"flow":{"@type":"Flow","@id":"393d0862-04cc-45ae-8d08-9dc2a4461b35","name":"Ethane, 1,1-difluoro-, HFC-152a","category":"Elementary flows/Emission to air/high population density","flowType":"ELEMENTARY_FLOW","refUnit":"kg"},"unit":{"@type":"Unit","@id":"20aadc24-a391-41cf-b340-3e4529f44bde","name":"kg"},"flowProperty":{"@type":"FlowProperty","@id":"93a60a56-a3c8-11da-a746-0800200b9a66","name":"Mass","category":"Technical flow properties","refUnit":"kg"}},{"value":7410.0,"flow":{"@type":"Flow","@id":"ec8789e5-d140-4ca8-b7ef-b3abfd044414","name":"Ethane, chloropentafluoro-, CFC-115","category":"Elementary flows/Emission to air/unspecified","flowType":"ELEMENTARY_FLOW","refUnit":"kg"},"unit":{"@type":"Unit","@id":"20aadc24-a391-41cf-b340-3e4529f44bde","name":"kg"},"flowProperty":{"@type":"FlowProperty","@id":"93a60a56-a3c8-11da-a746-0800200b9a66","name":"Mass","category":"Technical flow properties","refUnit":"kg"}},{"value":567.0,"flow":{"@type":"Flow","@id":"ce6294f5-2ed7-46ee-a967-33e265e34455","name":"Ethane, 1,1,1-trichloro-, HCFC-140","category":"Elementary flows/Emission to air/unspecified","flowType":"ELEMENTARY_FLOW","refUnit":"kg"},"unit":{"@type":"Unit","@id":"20aadc24-a391-41cf-b340-3e4529f44bde","name":"kg"},"flowProperty":{"@type":"FlowProperty","@id":"93a60a56-a3c8-11da-a746-0800200b9a66","name":"Mass","category":"Technical flow properties","refUnit":"kg"}},{"value":82.5,"flow":{"@type":"Flow","@id":"7f0ba7c9-341e-413d-80f6-8753727d65d1","name":"Methane, from soil or biomass stock","category":"Elementary flows/Emission to air/unspecified","flowType":"ELEMENTARY_FLOW","refUnit":"kg"},"unit":{"@type":"Unit","@id":"20aadc24-a391-41cf-b340-3e4529f44bde","name":"kg"},"flowProperty":{"@type":"FlowProperty","@id":"93a60a56-a3c8-11da-a746-0800200b9a66","name":"Mass","category":"Technical flow properties","refUnit":"kg"}},{"value":575.0,"flow":{"@type":"Flow","@id":"727835b8-c650-4d46-882f-35b2a366b559","name":"Methane, dichlorofluoro-, HCFC-21","category":"Elementary flows/Emission to air/low population density","flowType":"ELEMENTARY_FLOW","refUnit":"kg"},"unit":{"@type":"Unit","@id":"20aadc24-a391-41cf-b340-3e4529f44bde","name":"kg"},"flowProperty":{"@type":"FlowProperty","@id":"93a60a56-a3c8-11da-a746-0800200b9a66","name":"Mass","category":"Technical flow properties","refUnit":"kg"}},{"value":4140.0,"flow":{"@type":"Flow","@id":"e87f039d-d9ce-4242-ac18-c9284cc80f3d","name":"Ethane, 1,1,1,2-tetrafluoro-, HFC-134a","category":"Elementary flows/Emission to air/unspecified","flowType":"ELEMENTARY_FLOW","refUnit":"kg"},"unit":{"@type":"Unit","@id":"20aadc24-a391-41cf-b340-3e4529f44bde","name":"kg"},"flowProperty":{"@type":"FlowProperty","@id":"93a60a56-a3c8-11da-a746-0800200b9a66","name":"Mass","category":"Technical flow properties","refUnit":"kg"}},{"value":5690.0,"flow":{"@type":"Flow","@id":"56b7d3b6-83d7-42b0-a65b-5ad23e29db47","name":"Methane, chlorodifluoro-, HCFC-22","category":"Elementary flows/Emission to air/low population density","flowType":"ELEMENTARY_FLOW","refUnit":"kg"},"unit":{"@type":"Unit","@id":"20aadc24-a391-41cf-b340-3e4529f44bde","name":"kg"},"flowProperty":{"@type":"FlowProperty","@id":"93a60a56-a3c8-11da-a746-0800200b9a66","name":"Mass","category":"Technical flow properties","refUnit":"kg"}},{"value":4920.0,"flow":{"@type":"Flow","@id":"816c43d1-bc30-4a72-81db-08cb6be4da4f","name":"Methane, bromochlorodifluoro-, Halon 1211","category":"Elementary flows/Emission to air/high population density","flowType":"ELEMENTARY_FLOW","refUnit":"kg"},"unit":{"@type":"Unit","@id":"20aadc24-a391-41cf-b340-3e4529f44bde","name":"kg"},"flowProperty":{"@type":"FlowProperty","@id":"93a60a56-a3c8-11da-a746-0800200b9a66","name":"Mass","category":"Technical flow properties","refUnit":"kg"}},{"value":8320.0,"flow":{"@type":"Flow","@id":"a916ca1b-4ece-4630-a563-ae3253efc04f","name":"Methane, trichlorofluoro-, CFC-11","category":"Elementary flows/Emission to air/low population density","flowType":"ELEMENTARY_FLOW","refUnit":"kg"},"unit":{"@type":"Unit","@id":"20aadc24-a391-41cf-b340-3e4529f44bde","name":"kg"},"flowProperty":{"@type":"FlowProperty","@id":"93a60a56-a3c8-11da-a746-0800200b9a66","name":"Mass","category":"Technical flow properties","refUnit":"kg"}},{"value":4140.0,"flow":{"@type":"Flow","@id":"16fcd4f9-0bb8-4b84-8334-3ffb1a17aa74","name":"Ethane, 1,1,1,2-tetrafluoro-, HFC-134a","category":"Elementary flows/Emission to air/low population density","flowType":"ELEMENTARY_FLOW","refUnit":"kg"},"unit":{"@type":"Unit","@id":"20aadc24-a391-41cf-b340-3e4529f44bde","name":"kg"},"flowProperty":{"@type":"FlowProperty","@id":"93a60a56-a3c8-11da-a746-0800200b9a66","name":"Mass","category":"Technical flow properties","refUnit":"kg"}},{"value":82.5,"flow":{"@type":"Flow","@id":"299c6564-426e-48c3-b516-fdf301d12127","name":"Methane, from soil or biomass stock","category":"Elementary flows/Emission to air/high population density","flowType":"ELEMENTARY_FLOW","refUnit":"kg"},"unit":{"@type":"Unit","@id":"20aadc24-a391-41cf-b340-3e4529f44bde","name":"kg"},"flowProperty":{"@type":"FlowProperty","@id":"93a60a56-a3c8-11da-a746-0800200b9a66","name":"Mass","category":"Technical flow properties","refUnit":"kg"}},{"value":8940.0,"flow":{"@type":"Flow","@id":"acc39720-dda7-4b3a-80c7-c6394cad4191","name":"Ethane, hexafluoro-, HFC-116","category":"Elementary flows/Emission to air/unspecified","flowType":"ELEMENTARY_FLOW","refUnit":"kg"},"unit":{"@type":"Unit","@id":"20aadc24-a391-41cf-b340-3e4529f44bde","name":"kg"},"flowProperty":{"@type":"FlowProperty","@id":"93a60a56-a3c8-11da-a746-0800200b9a66","name":"Mass","category":"Technical flow properties","refUnit":"kg"}},{"value":5690.0,"flow":{"@type":"Flow","@id":"8ca6c84b-7f56-47e6-8d17-4f2dbc49a943","name":"Methane, chlorodifluoro-, HCFC-22","category":"Elementary flows/Emission to air/high population density","flowType":"ELEMENTARY_FLOW","refUnit":"kg"},"unit":{"@type":"Unit","@id":"20aadc24-a391-41cf-b340-3e4529f44bde","name":"kg"},"flowProperty":{"@type":"FlowProperty","@id":"93a60a56-a3c8-11da-a746-0800200b9a66","name":"Mass","category":"Technical flow properties","refUnit":"kg"}},{"value":0.158,"flow":{"@type":"Flow","@id":"a0950325-06dc-5ca0-84b6-983c9e6ccf74","name":"Trichloroethylene","category":"Elementary flows/Emission to air/unspecified","flowType":"ELEMENTARY_FLOW","refUnit":"kg"},"unit":{"@type":"Unit","@id":"20aadc24-a391-41cf-b340-3e4529f44bde","name":"kg"},"flowProperty":{"@type":"FlowProperty","@id":"93a60a56-a3c8-11da-a746-0800200b9a66","name":"Mass","category":"Technical flow properties","refUnit":"kg"}},{"value":40.2,"flow":{"@type":"Flow","@id":"432a3326-73f8-4752-bc4d-06b7b4b1243c","name":"Methane, dichloro-, HCC-30","category":"Elementary flows/Emission to air/unspecified","flowType":"ELEMENTARY_FLOW","refUnit":"kg"},"unit":{"@type":"Unit","@id":"20aadc24-a391-41cf-b340-3e4529f44bde","name":"kg"},"flowProperty":{"@type":"FlowProperty","@id":"93a60a56-a3c8-11da-a746-0800200b9a66","name":"Mass","category":"Technical flow properties","refUnit":"kg"}},{"value":286.0,"flow":{"@type":"Flow","@id":"5eafb840-6f50-418d-98bd-27b86f75613c","name":"Methane, chloro-fluoro-, HCFC-31","category":"Elementary flows/Emission to air/unspecified","flowType":"ELEMENTARY_FLOW","refUnit":"kg"},"unit":{"@type":"Unit","@id":"20aadc24-a391-41cf-b340-3e4529f44bde","name":"kg"},"flowProperty":{"@type":"FlowProperty","@id":"93a60a56-a3c8-11da-a746-0800200b9a66","name":"Mass","category":"Technical flow properties","refUnit":"kg"}},{"value":12400.0,"flow":{"@type":"Flow","@id":"43bc4fc0-bfeb-46d6-b3de-f69c3ccd622a","name":"Methane, chlorotrifluoro-, CFC-13","category":"Elementary flows/Emission to air/high population density","flowType":"ELEMENTARY_FLOW","refUnit":"kg"},"unit":{"@type":"Unit","@id":"20aadc24-a391-41cf-b340-3e4529f44bde","name":"kg"},"flowProperty":{"@type":"FlowProperty","@id":"93a60a56-a3c8-11da-a746-0800200b9a66","name":"Mass","category":"Technical flow properties","refUnit":"kg"}},{"value":5510.0,"flow":{"@type":"Flow","@id":"95b6f6da-49f9-413d-8ff5-5342d6cff588","name":"Ethane, 1-chloro-1,1-difluoro-, HCFC-142b","category":"Elementary flows/Emission to air/low population density","flowType":"ELEMENTARY_FLOW","refUnit":"kg"},"unit":{"@type":"Unit","@id":"20aadc24-a391-41cf-b340-3e4529f44bde","name":"kg"},"flowProperty":{"@type":"FlowProperty","@id":"93a60a56-a3c8-11da-a746-0800200b9a66","name":"Mass","category":"Technical flow properties","refUnit":"kg"}},{"value":9.2214,"flow":{"@type":"Flow","@id":"68b9b577-90cf-49e4-88bb-a55d80f3ac5d","name":"Carbon monoxide, from soil or biomass stock","category":"Elementary flows/Emission to air/low population density","flowType":"ELEMENTARY_FLOW","refUnit":"kg"},"unit":{"@type":"Unit","@id":"20aadc24-a391-41cf-b340-3e4529f44bde","name":"kg"},"flowProperty":{"@type":"FlowProperty","@id":"93a60a56-a3c8-11da-a746-0800200b9a66","name":"Mass","category":"Technical flow properties","refUnit":"kg"}},{"value":2690.0,"flow":{"@type":"Flow","@id":"c9028b09-c12d-421b-9944-7d145e196ebc","name":"Methane, difluoro-, HFC-32","category":"Elementary flows/Emission to air/high population density","flowType":"ELEMENTARY_FLOW","refUnit":"kg"},"unit":{"@type":"Unit","@id":"20aadc24-a391-41cf-b340-3e4529f44bde","name":"kg"},"flowProperty":{"@type":"FlowProperty","@id":"93a60a56-a3c8-11da-a746-0800200b9a66","name":"Mass","category":"Technical flow properties","refUnit":"kg"}},{"value":6680.0,"flow":{"@type":"Flow","@id":"e2ccc98a-6d4e-443b-b11f-d16f32782833","name":"Perfluoropentane","category":"Elementary flows/Emission to air/unspecified","flowType":"ELEMENTARY_FLOW","refUnit":"kg"},"unit":{"@type":"Unit","@id":"20aadc24-a391-41cf-b340-3e4529f44bde","name":"kg"},"flowProperty":{"@type":"FlowProperty","@id":"93a60a56-a3c8-11da-a746-0800200b9a66","name":"Mass","category":"Technical flow properties","refUnit":"kg"}},{"value":4140.0,"flow":{"@type":"Flow","@id":"fa0c2bee-8dd9-4f8a-8489-b1f3b43de958","name":"Ethane, 1,1,1,2-tetrafluoro-, HFC-134a","category":"Elementary flows/Emission to air/high population density","flowType":"ELEMENTARY_FLOW","refUnit":"kg"},"unit":{"@type":"Unit","@id":"20aadc24-a391-41cf-b340-3e4529f44bde","name":"kg"},"flowProperty":{"@type":"FlowProperty","@id":"93a60a56-a3c8-11da-a746-0800200b9a66","name":"Mass","category":"Technical flow properties","refUnit":"kg"}},{"value":8260.0,"flow":{"@type":"Flow","@id":"8a3a44e4-e2f1-476d-9e9e-a90fda263fe3","name":"Ethane, 1,2-dichloro-1,1,2,2-tetrafluoro-, CFC-114","category":"Elementary flows/Emission to air/unspecified","flowType":"ELEMENTARY_FLOW","refUnit":"kg"},"unit":{"@type":"Unit","@id":"20aadc24-a391-41cf-b340-3e4529f44bde","name":"kg"},"flowProperty":{"@type":"FlowProperty","@id":"93a60a56-a3c8-11da-a746-0800200b9a66","name":"Mass","category":"Technical flow properties","refUnit":"kg"}},{"value":273.0,"flow":{"@type":"Flow","@id":"afd6d670-bbb0-4625-9730-04088a5b035e","name":"Dinitrogen monoxide","category":"Elementary flows/Emission to air/low population density","flowType":"ELEMENTARY_FLOW","refUnit":"kg"},"unit":{"@type":"Unit","@id":"20aadc24-a391-41cf-b340-3e4529f44bde","name":"kg"},"flowProperty":{"@type":"FlowProperty","@id":"93a60a56-a3c8-11da-a746-0800200b9a66","name":"Mass","category":"Technical flow properties","refUnit":"kg"}},{"value":6860.0,"flow":{"@type":"Flow","@id":"9b132374-dce2-4ce0-86aa-53201b30f617","name":"Ethane, 1,1,2-trichloro-1,2,2-trifluoro-, CFC-113","category":"Elementary flows/Emission to air/high population density","flowType":"ELEMENTARY_FLOW","refUnit":"kg"},"unit":{"@type":"Unit","@id":"20aadc24-a391-41cf-b340-3e4529f44bde","name":"kg"},"flowProperty":{"@type":"FlowProperty","@id":"93a60a56-a3c8-11da-a746-0800200b9a66","name":"Mass","category":"Technical flow properties","refUnit":"kg"}},{"value":325.0,"flow":{"@type":"Flow","@id":"050da0cd-2957-45a9-ae7a-ace372083fe5","name":"Ethane, 2,2-dichloro-1,1,1-trifluoro-, HCFC-123","category":"Elementary flows/Emission to air/unspecified","flowType":"ELEMENTARY_FLOW","refUnit":"kg"},"unit":{"@type":"Unit","@id":"20aadc24-a391-41cf-b340-3e4529f44bde","name":"kg"},"flowProperty":{"@type":"FlowProperty","@id":"93a60a56-a3c8-11da-a746-0800200b9a66","name":"Mass","category":"Technical flow properties","refUnit":"kg"}},{"value":591.0,"flow":{"@type":"Flow","@id":"1c4a106a-53bc-40f5-bcae-d30ab191dbfe","name":"Ethane, 1,1-difluoro-, HFC-152a","category":"Elementary flows/Emission to air/low population density","flowType":"ELEMENTARY_FLOW","refUnit":"kg"},"unit":{"@type":"Unit","@id":"20aadc24-a391-41cf-b340-3e4529f44bde","name":"kg"},"flowProperty":{"@type":"FlowProperty","@id":"93a60a56-a3c8-11da-a746-0800200b9a66","name":"Mass","category":"Technical flow properties","refUnit":"kg"}},{"value":-1.0,"flow":{"@type":"Flow","@id":"259cf8d6-6ea8-4ccf-84b7-23c930a5b2b3","name":"Carbon dioxide, to soil or biomass stock","category":"Elementary flows/Emission to soil/agricultural","flowType":"ELEMENTARY_FLOW","refUnit":"kg"},"unit":{"@type":"Unit","@id":"20aadc24-a391-41cf-b340-3e4529f44bde","name":"kg"},"flowProperty":{"@type":"FlowProperty","@id":"93a60a56-a3c8-11da-a746-0800200b9a66","name":"Mass","category":"Technical flow properties","refUnit":"kg"}},{"value":12400.0,"flow":{"@type":"Flow","@id":"8f87dcf1-0177-4d62-bea0-a5dd8647ef8c","name":"Methane, trifluoro-, HFC-23","category":"Elementary flows/Emission to air/high population density","flowType":"ELEMENTARY_FLOW","refUnit":"kg"},"unit":{"@type":"Unit","@id":"20aadc24-a391-41cf-b340-3e4529f44bde","name":"kg"},"flowProperty":{"@type":"FlowProperty","@id":"93a60a56-a3c8-11da-a746-0800200b9a66","name":"Mass","category":"Technical flow properties","refUnit":"kg"}},{"value":591.0,"flow":{"@type":"Flow","@id":"9cf9bf0e-86fe-42c0-90cc-bfed96fbdc8f","name":"Ethane, 1,1-difluoro-, HFC-152a","category":"Elementary flows/Emission to air/unspecified","flowType":"ELEMENTARY_FLOW","refUnit":"kg"},"unit":{"@type":"Unit","@id":"20aadc24-a391-41cf-b340-3e4529f44bde","name":"kg"},"flowProperty":{"@type":"FlowProperty","@id":"93a60a56-a3c8-11da-a746-0800200b9a66","name":"Mass","category":"Technical flow properties","refUnit":"kg"}},{"value":6740.0,"flow":{"@type":"Flow","@id":"5d1701c5-c4ef-49c7-8a68-ce7c255eee9f","name":"Ethane, pentafluoro-, HFC-125","category":"Elementary flows/Emission to air/high population density","flowType":"ELEMENTARY_FLOW","refUnit":"kg"},"unit":{"@type":"Unit","@id":"20aadc24-a391-41cf-b340-3e4529f44bde","name":"kg"},"flowProperty":{"@type":"FlowProperty","@id":"93a60a56-a3c8-11da-a746-0800200b9a66","name":"Mass","category":"Technical flow properties","refUnit":"kg"}},{"value":9.2214,"flow":{"@type":"Flow","@id":"51c58d09-0699-4d51-80b3-a1bb2b9313e4","name":"Carbon monoxide, from soil or biomass stock","category":"Elementary flows/Emission to air/high population density","flowType":"ELEMENTARY_FLOW","refUnit":"kg"},"unit":{"@type":"Unit","@id":"20aadc24-a391-41cf-b340-3e4529f44bde","name":"kg"},"flowProperty":{"@type":"FlowProperty","@id":"93a60a56-a3c8-11da-a746-0800200b9a66","name":"Mass","category":"Technical flow properties","refUnit":"kg"}},{"value":12700.0,"flow":{"@type":"Flow","@id":"31a3e44c-4098-461e-aba2-f79540e05087","name":"Methane, dichlorodifluoro-, CFC-12","category":"Elementary flows/Emission to air/high population density","flowType":"ELEMENTARY_FLOW","refUnit":"kg"},"unit":{"@type":"Unit","@id":"20aadc24-a391-41cf-b340-3e4529f44bde","name":"kg"},"flowProperty":{"@type":"FlowProperty","@id":"93a60a56-a3c8-11da-a746-0800200b9a66","name":"Mass","category":"Technical flow properties","refUnit":"kg"}},{"value":4920.0,"flow":{"@type":"Flow","@id":"494eb62d-3e16-4a81-b344-6d6dfd9fd4e2","name":"Methane, bromochlorodifluoro-, Halon 1211","category":"Elementary flows/Emission to air/low population density","flowType":"ELEMENTARY_FLOW","refUnit":"kg"},"unit":{"@type":"Unit","@id":"20aadc24-a391-41cf-b340-3e4529f44bde","name":"kg"},"flowProperty":{"@type":"FlowProperty","@id":"93a60a56-a3c8-11da-a746-0800200b9a66","name":"Mass","category":"Technical flow properties","refUnit":"kg"}},{"value":18300.0,"flow":{"@type":"Flow","@id":"c7c769bb-89b9-4459-afed-e3acecd39339","name":"Sulfur hexafluoride","category":"Elementary flows/Emission to air/low population density","flowType":"ELEMENTARY_FLOW","refUnit":"kg"},"unit":{"@type":"Unit","@id":"20aadc24-a391-41cf-b340-3e4529f44bde","name":"kg"},"flowProperty":{"@type":"FlowProperty","@id":"93a60a56-a3c8-11da-a746-0800200b9a66","name":"Mass","category":"Technical flow properties","refUnit":"kg"}},{"value":8.74,"flow":{"@type":"Flow","@id":"4bf1c333-419b-4278-ac14-247c8bf563d6","name":"Methane, bromo-, Halon 1001","category":"Elementary flows/Emission to air/high population density","flowType":"ELEMENTARY_FLOW","refUnit":"kg"},"unit":{"@type":"Unit","@id":"20aadc24-a391-41cf-b340-3e4529f44bde","name":"kg"},"flowProperty":{"@type":"FlowProperty","@id":"93a60a56-a3c8-11da-a746-0800200b9a66","name":"Mass","category":"Technical flow properties","refUnit":"kg"}},{"value":7840.0,"flow":{"@type":"Flow","@id":"f43b2b80-f5a6-4d31-9980-0754305a978d","name":"Ethane, 1,1,1-trifluoro-, HFC-143a","category":"Elementary flows/Emission to air/high population density","flowType":"ELEMENTARY_FLOW","refUnit":"kg"},"unit":{"@type":"Unit","@id":"20aadc24-a391-41cf-b340-3e4529f44bde","name":"kg"},"flowProperty":{"@type":"FlowProperty","@id":"93a60a56-a3c8-11da-a746-0800200b9a66","name":"Mass","category":"Technical flow properties","refUnit":"kg"}}],"parameters":[]}