{"@type":"ImpactCategory","@id":"b6de8fa1-056d-4de4-ba75-d119812c2fba","name":"Total: natural resources no LT | Natural resources no LT","description":"Indicator: Natural resources no LT","category":"ecoinvent 3.10 LCIA Methods/ReCiPe 2016 v1.03, endpoint (E) no LT","version":"00.00.000","refUnit":"USD 2013","impactFactors":[{"value":0.668,"flow":{"@type":"Flow","@id":"974213ef-1ba0-40e5-bc7b-52ef099e9e09","name":"Nickel, in ground","category":"Elementary flows/Resource/in ground","flowType":"ELEMENTARY_FLOW","refUnit":"kg"},"unit":{"@type":"Unit","@id":"20aadc24-a391-41cf-b340-3e4529f44bde","name":"kg"},"flowProperty":{"@type":"FlowProperty","@id":"93a60a56-a3c8-11da-a746-0800200b9a66","name":"Mass","category":"Technical flow properties","refUnit":"kg"}},{"value":5.83,"flow":{"@type":"Flow","@id":"2ba5e39b-adb6-4767-a51d-90c1cf32fe98","name":"Uranium","category":"Elementary flows/Resource/in ground","flowType":"ELEMENTARY_FLOW","refUnit":"kg"},"unit":{"@type":"Unit","@id":"20aadc24-a391-41cf-b340-3e4529f44bde","name":"kg"},"flowProperty":{"@type":"FlowProperty","@id":"93a60a56-a3c8-11da-a746-0800200b9a66","name":"Mass","category":"Technical flow properties","refUnit":"kg"}},{"value":0.132,"flow":{"@type":"Flow","@id":"47262180-8308-5d4c-9332-c77617e032ef","name":"Antimony, in ground","category":"Elementary flows/Resource/in ground","flowType":"ELEMENTARY_FLOW","refUnit":"kg"},"unit":{"@type":"Unit","@id":"20aadc24-a391-41cf-b340-3e4529f44bde","name":"kg"},"flowProperty":{"@type":"FlowProperty","@id":"93a60a56-a3c8-11da-a746-0800200b9a66","name":"Mass","category":"Technical flow properties","refUnit":"kg"}},{"value":0.00874,"flow":{"@type":"Flow","@id":"bc97531c-12d8-4113-bcb2-663a47d12d0f","name":"Talc","category":"Elementary flows/Resource/in ground","flowType":"ELEMENTARY_FLOW","refUnit":"kg"},"unit":{"@type":"Unit","@id":"20aadc24-a391-41cf-b340-3e4529f44bde","name":"kg"},"flowProperty":{"@type":"FlowProperty","@id":"93a60a56-a3c8-11da-a746-0800200b9a66","name":"Mass","category":"Technical flow properties","refUnit":"kg"}},{"value":0.0341,"flow":{"@type":"Flow","@id":"024c9722-1e88-412b-8c4b-10c532be8dca","name":"Coal, brown","category":"Elementary flows/Resource/in ground","flowType":"ELEMENTARY_FLOW","refUnit":"kg"},"unit":{"@type":"Unit","@id":"20aadc24-a391-41cf-b340-3e4529f44bde","name":"kg"},"flowProperty":{"@type":"FlowProperty","@id":"93a60a56-a3c8-11da-a746-0800200b9a66","name":"Mass","category":"Technical flow properties","refUnit":"kg"}},{"value":0.0391,"flow":{"@type":"Flow","@id":"a45cd247-3532-4e27-bddc-b519fdb5e08f","name":"Aluminium, in ground","category":"Elementary flows/Resource/in ground","flowType":"ELEMENTARY_FLOW","refUnit":"kg"},"unit":{"@type":"Unit","@id":"20aadc24-a391-41cf-b340-3e4529f44bde","name":"kg"},"flowProperty":{"@type":"FlowProperty","@id":"93a60a56-a3c8-11da-a746-0800200b9a66","name":"Mass","category":"Technical flow properties","refUnit":"kg"}},{"value":1.12,"flow":{"@type":"Flow","@id":"7d2c1cdd-a64a-5936-a577-5b82db0c0d1b","name":"Lithium, in ground","category":"Elementary flows/Resource/in ground","flowType":"ELEMENTARY_FLOW","refUnit":"kg"},"unit":{"@type":"Unit","@id":"20aadc24-a391-41cf-b340-3e4529f44bde","name":"kg"},"flowProperty":{"@type":"FlowProperty","@id":"93a60a56-a3c8-11da-a746-0800200b9a66","name":"Mass","category":"Technical flow properties","refUnit":"kg"}},{"value":0.113,"flow":{"@type":"Flow","@id":"fbcb9c7a-eea7-4694-ba6c-568e01d28883","name":"Lead, in ground","category":"Elementary flows/Resource/in ground","flowType":"ELEMENTARY_FLOW","refUnit":"kg"},"unit":{"@type":"Unit","@id":"20aadc24-a391-41cf-b340-3e4529f44bde","name":"kg"},"flowProperty":{"@type":"FlowProperty","@id":"93a60a56-a3c8-11da-a746-0800200b9a66","name":"Mass","category":"Technical flow properties","refUnit":"kg"}},{"value":0.0113,"flow":{"@type":"Flow","@id":"9877ce00-65f8-4c0c-9fcf-92aa53a2c9c0","name":"Diatomite","category":"Elementary flows/Resource/in ground","flowType":"ELEMENTARY_FLOW","refUnit":"kg"},"unit":{"@type":"Unit","@id":"20aadc24-a391-41cf-b340-3e4529f44bde","name":"kg"},"flowProperty":{"@type":"FlowProperty","@id":"93a60a56-a3c8-11da-a746-0800200b9a66","name":"Mass","category":"Technical flow properties","refUnit":"kg"}},{"value":2730.0,"flow":{"@type":"Flow","@id":"0e2f5e72-a754-5a14-bce5-6f8d66276d82","name":"Caesium","category":"Elementary flows/Resource/in ground","flowType":"ELEMENTARY_FLOW","refUnit":"kg"},"unit":{"@type":"Unit","@id":"20aadc24-a391-41cf-b340-3e4529f44bde","name":"kg"},"flowProperty":{"@type":"FlowProperty","@id":"93a60a56-a3c8-11da-a746-0800200b9a66","name":"Mass","category":"Technical flow properties","refUnit":"kg"}},{"value":0.019,"flow":{"@type":"Flow","@id":"c2586875-bb56-4b1e-84c5-5ff255a1108b","name":"Manganese, in ground","category":"Elementary flows/Resource/in ground","flowType":"ELEMENTARY_FLOW","refUnit":"kg"},"unit":{"@type":"Unit","@id":"20aadc24-a391-41cf-b340-3e4529f44bde","name":"kg"},"flowProperty":{"@type":"FlowProperty","@id":"93a60a56-a3c8-11da-a746-0800200b9a66","name":"Mass","category":"Technical flow properties","refUnit":"kg"}},{"value":0.183,"flow":{"@type":"Flow","@id":"fe0acd60-3ddc-11dd-aac3-0050c2490048","name":"Magnesium","category":"Elementary flows/Resource/in ground","flowType":"ELEMENTARY_FLOW","refUnit":"kg"},"unit":{"@type":"Unit","@id":"20aadc24-a391-41cf-b340-3e4529f44bde","name":"kg"},"flowProperty":{"@type":"FlowProperty","@id":"93a60a56-a3c8-11da-a746-0800200b9a66","name":"Mass","category":"Technical flow properties","refUnit":"kg"}},{"value":1.2,"flow":{"@type":"Flow","@id":"8de8befc-efa2-5d07-a58b-b29ea97a3f41","name":"Niobium, in ground","category":"Elementary flows/Resource/in ground","flowType":"ELEMENTARY_FLOW","refUnit":"kg"},"unit":{"@type":"Unit","@id":"20aadc24-a391-41cf-b340-3e4529f44bde","name":"kg"},"flowProperty":{"@type":"FlowProperty","@id":"93a60a56-a3c8-11da-a746-0800200b9a66","name":"Mass","category":"Technical flow properties","refUnit":"kg"}},{"value":0.00356,"flow":{"@type":"Flow","@id":"26296ec9-ff93-41e6-bbbf-6175af04284d","name":"Feldspar","category":"Elementary flows/Resource/in ground","flowType":"ELEMENTARY_FLOW","refUnit":"kg"},"unit":{"@type":"Unit","@id":"20aadc24-a391-41cf-b340-3e4529f44bde","name":"kg"},"flowProperty":{"@type":"FlowProperty","@id":"93a60a56-a3c8-11da-a746-0800200b9a66","name":"Mass","category":"Technical flow properties","refUnit":"kg"}},{"value":0.0143,"flow":{"@type":"Flow","@id":"8ce3ff02-7a1e-48e3-881e-3248b944f28a","name":"Iron, in ground","category":"Elementary flows/Resource/in ground","flowType":"ELEMENTARY_FLOW","refUnit":"kg"},"unit":{"@type":"Unit","@id":"20aadc24-a391-41cf-b340-3e4529f44bde","name":"kg"},"flowProperty":{"@type":"FlowProperty","@id":"93a60a56-a3c8-11da-a746-0800200b9a66","name":"Mass","category":"Technical flow properties","refUnit":"kg"}},{"value":12.2,"flow":{"@type":"Flow","@id":"775fdf03-b0bb-5c25-b14d-107231d5b2f0","name":"Tantalum, in ground","category":"Elementary flows/Resource/in ground","flowType":"ELEMENTARY_FLOW","refUnit":"kg"},"unit":{"@type":"Unit","@id":"20aadc24-a391-41cf-b340-3e4529f44bde","name":"kg"},"flowProperty":{"@type":"FlowProperty","@id":"93a60a56-a3c8-11da-a746-0800200b9a66","name":"Mass","category":"Technical flow properties","refUnit":"kg"}},{"value":0.0355,"flow":{"@type":"Flow","@id":"be73218b-18af-492e-96e6-addd309d1e32","name":"Zinc, in ground","category":"Elementary flows/Resource/in ground","flowType":"ELEMENTARY_FLOW","refUnit":"kg"},"unit":{"@type":"Unit","@id":"20aadc24-a391-41cf-b340-3e4529f44bde","name":"kg"},"flowProperty":{"@type":"FlowProperty","@id":"93a60a56-a3c8-11da-a746-0800200b9a66","name":"Mass","category":"Technical flow properties","refUnit":"kg"}},{"value":0.231,"flow":{"@type":"Flow","@id":"a9ac40a0-9bea-4c48-afa7-66aa6eb90624","name":"Copper, in ground","category":"Elementary flows/Resource/in ground","flowType":"ELEMENTARY_FLOW","refUnit":"kg"},"unit":{"@type":"Unit","@id":"20aadc24-a391-41cf-b340-3e4529f44bde","name":"kg"},"flowProperty":{"@type":"FlowProperty","@id":"93a60a56-a3c8-11da-a746-0800200b9a66","name":"Mass","category":"Technical flow properties","refUnit":"kg"}},{"value":0.0705,"flow":{"@type":"Flow","@id":"c5f5aeb8-7558-4a0c-9594-27621b9cfbc5","name":"Chrysotile","category":"Elementary flows/Resource/in ground","flowType":"ELEMENTARY_FLOW","refUnit":"kg"},"unit":{"@type":"Unit","@id":"20aadc24-a391-41cf-b340-3e4529f44bde","name":"kg"},"flowProperty":{"@type":"FlowProperty","@id":"93a60a56-a3c8-11da-a746-0800200b9a66","name":"Mass","category":"Technical flow properties","refUnit":"kg"}},{"value":1.8,"flow":{"@type":"Flow","@id":"0e8ab9d2-cc60-4fbb-9cd8-2cc9a7e3d56d","name":"Tungsten","category":"Elementary flows/Resource/in ground","flowType":"ELEMENTARY_FLOW","refUnit":"kg"},"unit":{"@type":"Unit","@id":"20aadc24-a391-41cf-b340-3e4529f44bde","name":"kg"},"flowProperty":{"@type":"FlowProperty","@id":"93a60a56-a3c8-11da-a746-0800200b9a66","name":"Mass","category":"Technical flow properties","refUnit":"kg"}},{"value":17.7,"flow":{"@type":"Flow","@id":"68f7bc03-0665-55a1-bd99-96530eab30e2","name":"Beryllium, in ground","category":"Elementary flows/Resource/in ground","flowType":"ELEMENTARY_FLOW","refUnit":"kg"},"unit":{"@type":"Unit","@id":"20aadc24-a391-41cf-b340-3e4529f44bde","name":"kg"},"flowProperty":{"@type":"FlowProperty","@id":"93a60a56-a3c8-11da-a746-0800200b9a66","name":"Mass","category":"Technical flow properties","refUnit":"kg"}},{"value":0.301,"flow":{"@type":"Flow","@id":"7c337428-fb1b-45c7-bbb2-2ee4d29e17ba","name":"Gas, natural","category":"Elementary flows/Resource/in ground","flowType":"ELEMENTARY_FLOW","refUnit":"m3"},"unit":{"@type":"Unit","@id":"1c3a9695-398d-4b1f-b07e-a8715b610f70","name":"m3"},"flowProperty":{"@type":"FlowProperty","@id":"93a60a56-a3c8-22da-a746-0800200c9a66","name":"Volume","category":"Technical flow properties","refUnit":"m3"}},{"value":0.0443,"flow":{"@type":"Flow","@id":"5666353e-2db2-41d3-8414-404709151422","name":"Metamorphous rock, graphite containing","category":"Elementary flows/Resource/in ground","flowType":"ELEMENTARY_FLOW","refUnit":"kg"},"unit":{"@type":"Unit","@id":"20aadc24-a391-41cf-b340-3e4529f44bde","name":"kg"},"flowProperty":{"@type":"FlowProperty","@id":"93a60a56-a3c8-11da-a746-0800200b9a66","name":"Mass","category":"Technical flow properties","refUnit":"kg"}},{"value":0.203,"flow":{"@type":"Flow","@id":"2f033407-6060-4e1e-868c-9f362d10fdb2","name":"Titanium, in ground","category":"Elementary flows/Resource/in ground","flowType":"ELEMENTARY_FLOW","refUnit":"kg"},"unit":{"@type":"Unit","@id":"20aadc24-a391-41cf-b340-3e4529f44bde","name":"kg"},"flowProperty":{"@type":"FlowProperty","@id":"93a60a56-a3c8-11da-a746-0800200b9a66","name":"Mass","category":"Technical flow properties","refUnit":"kg"}},{"value":0.00241,"flow":{"@type":"Flow","@id":"f7519ca9-5ffc-41c3-a33e-806da82cfc0e","name":"Clay, unspecified","category":"Elementary flows/Resource/in ground","flowType":"ELEMENTARY_FLOW","refUnit":"kg"},"unit":{"@type":"Unit","@id":"20aadc24-a391-41cf-b340-3e4529f44bde","name":"kg"},"flowProperty":{"@type":"FlowProperty","@id":"93a60a56-a3c8-11da-a746-0800200b9a66","name":"Mass","category":"Technical flow properties","refUnit":"kg"}},{"value":0.022,"flow":{"@type":"Flow","@id":"e189e2d4-3d3f-4ada-b302-91611784311f","name":"Chromium, in ground","category":"Elementary flows/Resource/in ground","flowType":"ELEMENTARY_FLOW","refUnit":"kg"},"unit":{"@type":"Unit","@id":"20aadc24-a391-41cf-b340-3e4529f44bde","name":"kg"},"flowProperty":{"@type":"FlowProperty","@id":"93a60a56-a3c8-11da-a746-0800200b9a66","name":"Mass","category":"Technical flow properties","refUnit":"kg"}},{"value":0.301,"flow":{"@type":"Flow","@id":"3ed5f377-344f-423a-b5ec-9a9a1162b944","name":"Gas, mine, off-gas, process, coal mining","category":"Elementary flows/Resource/in ground","flowType":"ELEMENTARY_FLOW","refUnit":"m3"},"unit":{"@type":"Unit","@id":"1c3a9695-398d-4b1f-b07e-a8715b610f70","name":"m3"},"flowProperty":{"@type":"FlowProperty","@id":"93a60a56-a3c8-22da-a746-0800200c9a66","name":"Volume","category":"Technical flow properties","refUnit":"m3"}},{"value":988.0,"flow":{"@type":"Flow","@id":"edc69c63-a776-4dbf-acbf-e0368914980a","name":"Palladium, in ground","category":"Elementary flows/Resource/in ground","flowType":"ELEMENTARY_FLOW","refUnit":"kg"},"unit":{"@type":"Unit","@id":"20aadc24-a391-41cf-b340-3e4529f44bde","name":"kg"},"flowProperty":{"@type":"FlowProperty","@id":"93a60a56-a3c8-11da-a746-0800200b9a66","name":"Mass","category":"Technical flow properties","refUnit":"kg"}},{"value":1470.0,"flow":{"@type":"Flow","@id":"4803f22f-6950-489b-914d-fa953a8081f6","name":"Rhodium, in ground","category":"Elementary flows/Resource/in ground","flowType":"ELEMENTARY_FLOW","refUnit":"kg"},"unit":{"@type":"Unit","@id":"20aadc24-a391-41cf-b340-3e4529f44bde","name":"kg"},"flowProperty":{"@type":"FlowProperty","@id":"93a60a56-a3c8-11da-a746-0800200b9a66","name":"Mass","category":"Technical flow properties","refUnit":"kg"}},{"value":0.099,"flow":{"@type":"Flow","@id":"00143719-33a7-5738-aa1b-131f97b4fef3","name":"Silicon, in ground","category":"Elementary flows/Resource/in ground","flowType":"ELEMENTARY_FLOW","refUnit":"kg"},"unit":{"@type":"Unit","@id":"20aadc24-a391-41cf-b340-3e4529f44bde","name":"kg"},"flowProperty":{"@type":"FlowProperty","@id":"93a60a56-a3c8-11da-a746-0800200b9a66","name":"Mass","category":"Technical flow properties","refUnit":"kg"}},{"value":122.0,"flow":{"@type":"Flow","@id":"a2e6fb74-b047-5697-b5dd-e28cc68f29e6","name":"Rhenium, in ground","category":"Elementary flows/Resource/in ground","flowType":"ELEMENTARY_FLOW","refUnit":"kg"},"unit":{"@type":"Unit","@id":"20aadc24-a391-41cf-b340-3e4529f44bde","name":"kg"},"flowProperty":{"@type":"FlowProperty","@id":"93a60a56-a3c8-11da-a746-0800200b9a66","name":"Mass","category":"Technical flow properties","refUnit":"kg"}},{"value":0.0341,"flow":{"@type":"Flow","@id":"c5035ce2-5ee5-431f-a287-4b25da42be74","name":"Peat","category":"Elementary flows/Resource/biotic","flowType":"ELEMENTARY_FLOW","refUnit":"kg"},"unit":{"@type":"Unit","@id":"20aadc24-a391-41cf-b340-3e4529f44bde","name":"kg"},"flowProperty":{"@type":"FlowProperty","@id":"93a60a56-a3c8-11da-a746-0800200b9a66","name":"Mass","category":"Technical flow properties","refUnit":"kg"}},{"value":0.74,"flow":{"@type":"Flow","@id":"08a91e70-3ddc-11dd-a0f6-0050c2490048","name":"Bismuth","category":"Elementary flows/Resource/in ground","flowType":"ELEMENTARY_FLOW","refUnit":"kg"},"unit":{"@type":"Unit","@id":"20aadc24-a391-41cf-b340-3e4529f44bde","name":"kg"},"flowProperty":{"@type":"FlowProperty","@id":"93a60a56-a3c8-11da-a746-0800200b9a66","name":"Mass","category":"Technical flow properties","refUnit":"kg"}},{"value":6.75,"flow":{"@type":"Flow","@id":"e5a3dff5-72dc-5287-893c-597dd4a19566","name":"Molybdenum, in ground","category":"Elementary flows/Resource/in ground","flowType":"ELEMENTARY_FLOW","refUnit":"kg"},"unit":{"@type":"Unit","@id":"20aadc24-a391-41cf-b340-3e4529f44bde","name":"kg"},"flowProperty":{"@type":"FlowProperty","@id":"93a60a56-a3c8-11da-a746-0800200b9a66","name":"Mass","category":"Technical flow properties","refUnit":"kg"}},{"value":0.183,"flow":{"@type":"Flow","@id":"ac3a8914-35f0-4c34-a956-f26b3a053e4a","name":"Basalt","category":"Elementary flows/Resource/in ground","flowType":"ELEMENTARY_FLOW","refUnit":"kg"},"unit":{"@type":"Unit","@id":"20aadc24-a391-41cf-b340-3e4529f44bde","name":"kg"},"flowProperty":{"@type":"FlowProperty","@id":"93a60a56-a3c8-11da-a746-0800200b9a66","name":"Mass","category":"Technical flow properties","refUnit":"kg"}},{"value":73.4,"flow":{"@type":"Flow","@id":"d3e547dc-1a29-5ece-8dbb-bd9c0ad3cc46","name":"Germanium, in ground","category":"Elementary flows/Resource/in ground","flowType":"ELEMENTARY_FLOW","refUnit":"kg"},"unit":{"@type":"Unit","@id":"20aadc24-a391-41cf-b340-3e4529f44bde","name":"kg"},"flowProperty":{"@type":"FlowProperty","@id":"93a60a56-a3c8-11da-a746-0800200b9a66","name":"Mass","category":"Technical flow properties","refUnit":"kg"}},{"value":0.0386,"flow":{"@type":"Flow","@id":"041f5cea-6556-11dd-ad8b-0800200c9a66","name":"Phosphorus","category":"Elementary flows/Resource/in ground","flowType":"ELEMENTARY_FLOW","refUnit":"kg"},"unit":{"@type":"Unit","@id":"20aadc24-a391-41cf-b340-3e4529f44bde","name":"kg"},"flowProperty":{"@type":"FlowProperty","@id":"93a60a56-a3c8-11da-a746-0800200b9a66","name":"Mass","category":"Technical flow properties","refUnit":"kg"}},{"value":0.183,"flow":{"@type":"Flow","@id":"247f3d96-7da2-5adf-a399-65745bc042fb","name":"Magnesium","category":"Elementary flows/Resource/in water","flowType":"ELEMENTARY_FLOW","refUnit":"kg"},"unit":{"@type":"Unit","@id":"20aadc24-a391-41cf-b340-3e4529f44bde","name":"kg"},"flowProperty":{"@type":"FlowProperty","@id":"93a60a56-a3c8-11da-a746-0800200b9a66","name":"Mass","category":"Technical flow properties","refUnit":"kg"}},{"value":2.07,"flow":{"@type":"Flow","@id":"54b9cbd0-65df-4fd3-8a19-dd3b8eccc619","name":"Mercury, in ground","category":"Elementary flows/Resource/in ground","flowType":"ELEMENTARY_FLOW","refUnit":"kg"},"unit":{"@type":"Unit","@id":"20aadc24-a391-41cf-b340-3e4529f44bde","name":"kg"},"flowProperty":{"@type":"FlowProperty","@id":"93a60a56-a3c8-11da-a746-0800200b9a66","name":"Mass","category":"Technical flow properties","refUnit":"kg"}},{"value":0.00212,"flow":{"@type":"Flow","@id":"09a68c14-01f6-4dee-ba29-8b7f400b72b5","name":"Perlite","category":"Elementary flows/Resource/in ground","flowType":"ELEMENTARY_FLOW","refUnit":"kg"},"unit":{"@type":"Unit","@id":"20aadc24-a391-41cf-b340-3e4529f44bde","name":"kg"},"flowProperty":{"@type":"FlowProperty","@id":"93a60a56-a3c8-11da-a746-0800200b9a66","name":"Mass","category":"Technical flow properties","refUnit":"kg"}},{"value":0.074,"flow":{"@type":"Flow","@id":"bf377e4f-3a95-4ce2-a9ba-66ee31f00f60","name":"Cadmium, in ground","category":"Elementary flows/Resource/in ground","flowType":"ELEMENTARY_FLOW","refUnit":"kg"},"unit":{"@type":"Unit","@id":"20aadc24-a391-41cf-b340-3e4529f44bde","name":"kg"},"flowProperty":{"@type":"FlowProperty","@id":"93a60a56-a3c8-11da-a746-0800200b9a66","name":"Mass","category":"Technical flow properties","refUnit":"kg"}},{"value":0.0202,"flow":{"@type":"Flow","@id":"f11aaecf-25cf-4fed-9eb7-2cfb900c368c","name":"Strontium","category":"Elementary flows/Resource/in ground","flowType":"ELEMENTARY_FLOW","refUnit":"kg"},"unit":{"@type":"Unit","@id":"20aadc24-a391-41cf-b340-3e4529f44bde","name":"kg"},"flowProperty":{"@type":"FlowProperty","@id":"93a60a56-a3c8-11da-a746-0800200b9a66","name":"Mass","category":"Technical flow properties","refUnit":"kg"}},{"value":2730.0,"flow":{"@type":"Flow","@id":"bdb1d022-b426-48ac-853f-5ae6e5786873","name":"Cerium","category":"Elementary flows/Resource/in ground","flowType":"ELEMENTARY_FLOW","refUnit":"kg"},"unit":{"@type":"Unit","@id":"20aadc24-a391-41cf-b340-3e4529f44bde","name":"kg"},"flowProperty":{"@type":"FlowProperty","@id":"93a60a56-a3c8-11da-a746-0800200b9a66","name":"Mass","category":"Technical flow properties","refUnit":"kg"}},{"value":2030.0,"flow":{"@type":"Flow","@id":"041fab30-6556-11dd-ad8b-0800200c9a66","name":"Platinum","category":"Elementary flows/Resource/in ground","flowType":"ELEMENTARY_FLOW","refUnit":"kg"},"unit":{"@type":"Unit","@id":"20aadc24-a391-41cf-b340-3e4529f44bde","name":"kg"},"flowProperty":{"@type":"FlowProperty","@id":"93a60a56-a3c8-11da-a746-0800200b9a66","name":"Mass","category":"Technical flow properties","refUnit":"kg"}},{"value":1.16,"flow":{"@type":"Flow","@id":"53d5ef26-66d8-4536-afa2-2f6b114189ba","name":"Tin, in ground","category":"Elementary flows/Resource/in ground","flowType":"ELEMENTARY_FLOW","refUnit":"kg"},"unit":{"@type":"Unit","@id":"20aadc24-a391-41cf-b340-3e4529f44bde","name":"kg"},"flowProperty":{"@type":"FlowProperty","@id":"93a60a56-a3c8-11da-a746-0800200b9a66","name":"Mass","category":"Technical flow properties","refUnit":"kg"}},{"value":19.4,"flow":{"@type":"Flow","@id":"0878c1c6-4c1d-4f90-a2de-a9383855d5c6","name":"Gallium, in ground","category":"Elementary flows/Resource/in ground","flowType":"ELEMENTARY_FLOW","refUnit":"kg"},"unit":{"@type":"Unit","@id":"20aadc24-a391-41cf-b340-3e4529f44bde","name":"kg"},"flowProperty":{"@type":"FlowProperty","@id":"93a60a56-a3c8-11da-a746-0800200b9a66","name":"Mass","category":"Technical flow properties","refUnit":"kg"}},{"value":23.7,"flow":{"@type":"Flow","@id":"7aaf1a4e-f72f-5dc6-b999-de4e99948eb8","name":"Indium","category":"Elementary flows/Resource/in ground","flowType":"ELEMENTARY_FLOW","refUnit":"kg"},"unit":{"@type":"Unit","@id":"20aadc24-a391-41cf-b340-3e4529f44bde","name":"kg"},"flowProperty":{"@type":"FlowProperty","@id":"93a60a56-a3c8-11da-a746-0800200b9a66","name":"Mass","category":"Technical flow properties","refUnit":"kg"}},{"value":0.0341,"flow":{"@type":"Flow","@id":"b6d0042d-0ef8-49ed-9162-a07ff1ccf750","name":"Coal, hard, unspecified","category":"Elementary flows/Resource/in ground","flowType":"ELEMENTARY_FLOW","refUnit":"kg"},"unit":{"@type":"Unit","@id":"20aadc24-a391-41cf-b340-3e4529f44bde","name":"kg"},"flowProperty":{"@type":"FlowProperty","@id":"93a60a56-a3c8-11da-a746-0800200b9a66","name":"Mass","category":"Technical flow properties","refUnit":"kg"}},{"value":0.0303,"flow":{"@type":"Flow","@id":"e16fd15c-0ebc-55ba-8d3b-9704f13663cb","name":"Arsenic, in ground","category":"Elementary flows/Resource/in ground","flowType":"ELEMENTARY_FLOW","refUnit":"kg"},"unit":{"@type":"Unit","@id":"20aadc24-a391-41cf-b340-3e4529f44bde","name":"kg"},"flowProperty":{"@type":"FlowProperty","@id":"93a60a56-a3c8-11da-a746-0800200b9a66","name":"Mass","category":"Technical flow properties","refUnit":"kg"}},{"value":278.0,"flow":{"@type":"Flow","@id":"f0e37b5f-3f67-516a-afd5-442c83e094bc","name":"Thallium, in ground","category":"Elementary flows/Resource/in ground","flowType":"ELEMENTARY_FLOW","refUnit":"kg"},"unit":{"@type":"Unit","@id":"20aadc24-a391-41cf-b340-3e4529f44bde","name":"kg"},"flowProperty":{"@type":"FlowProperty","@id":"93a60a56-a3c8-11da-a746-0800200b9a66","name":"Mass","category":"Technical flow properties","refUnit":"kg"}},{"value":6.54E-4,"flow":{"@type":"Flow","@id":"11a2a7b1-ab2f-47b8-9e29-6f33d5207fa6","name":"Gypsum","category":"Elementary flows/Resource/in ground","flowType":"ELEMENTARY_FLOW","refUnit":"kg"},"unit":{"@type":"Unit","@id":"20aadc24-a391-41cf-b340-3e4529f44bde","name":"kg"},"flowProperty":{"@type":"FlowProperty","@id":"93a60a56-a3c8-11da-a746-0800200b9a66","name":"Mass","category":"Technical flow properties","refUnit":"kg"}},{"value":0.183,"flow":{"@type":"Flow","@id":"fe0acd60-3ddc-11dd-aabe-0050c2490048","name":"Magnesite","category":"Elementary flows/Resource/in ground","flowType":"ELEMENTARY_FLOW","refUnit":"kg"},"unit":{"@type":"Unit","@id":"20aadc24-a391-41cf-b340-3e4529f44bde","name":"kg"},"flowProperty":{"@type":"FlowProperty","@id":"93a60a56-a3c8-11da-a746-0800200b9a66","name":"Mass","category":"Technical flow properties","refUnit":"kg"}},{"value":0.0025,"flow":{"@type":"Flow","@id":"93806a54-46f5-409c-99c5-4144a1e73b5d","name":"Clay, bentonite","category":"Elementary flows/Resource/in ground","flowType":"ELEMENTARY_FLOW","refUnit":"kg"},"unit":{"@type":"Unit","@id":"20aadc24-a391-41cf-b340-3e4529f44bde","name":"kg"},"flowProperty":{"@type":"FlowProperty","@id":"93a60a56-a3c8-11da-a746-0800200b9a66","name":"Mass","category":"Technical flow properties","refUnit":"kg"}},{"value":4.32,"flow":{"@type":"Flow","@id":"a8f1d01e-db87-449a-83e8-8b9b3bec8d5f","name":"Tellurium","category":"Elementary flows/Resource/in ground","flowType":"ELEMENTARY_FLOW","refUnit":"kg"},"unit":{"@type":"Unit","@id":"20aadc24-a391-41cf-b340-3e4529f44bde","name":"kg"},"flowProperty":{"@type":"FlowProperty","@id":"93a60a56-a3c8-11da-a746-0800200b9a66","name":"Mass","category":"Technical flow properties","refUnit":"kg"}},{"value":1.52,"flow":{"@type":"Flow","@id":"d0779a5e-6969-4144-954e-ceb81fb83f15","name":"Cobalt, in ground","category":"Elementary flows/Resource/in ground","flowType":"ELEMENTARY_FLOW","refUnit":"kg"},"unit":{"@type":"Unit","@id":"20aadc24-a391-41cf-b340-3e4529f44bde","name":"kg"},"flowProperty":{"@type":"FlowProperty","@id":"93a60a56-a3c8-11da-a746-0800200b9a66","name":"Mass","category":"Technical flow properties","refUnit":"kg"}},{"value":1.64,"flow":{"@type":"Flow","@id":"36a3d172-7373-507f-85bd-12b8ba31a6d4","name":"Iodine, in water","category":"Elementary flows/Resource/in water","flowType":"ELEMENTARY_FLOW","refUnit":"kg"},"unit":{"@type":"Unit","@id":"20aadc24-a391-41cf-b340-3e4529f44bde","name":"kg"},"flowProperty":{"@type":"FlowProperty","@id":"93a60a56-a3c8-11da-a746-0800200b9a66","name":"Mass","category":"Technical flow properties","refUnit":"kg"}},{"value":0.918,"flow":{"@type":"Flow","@id":"c9c4b80a-73dd-415a-92fb-f877595651c1","name":"Vanadium, in ground","category":"Elementary flows/Resource/in ground","flowType":"ELEMENTARY_FLOW","refUnit":"kg"},"unit":{"@type":"Unit","@id":"20aadc24-a391-41cf-b340-3e4529f44bde","name":"kg"},"flowProperty":{"@type":"FlowProperty","@id":"93a60a56-a3c8-11da-a746-0800200b9a66","name":"Mass","category":"Technical flow properties","refUnit":"kg"}},{"value":863.0,"flow":{"@type":"Flow","@id":"fe0acd60-3ddc-11dd-a2bf-0050c2490048","name":"Gold","category":"Elementary flows/Resource/in ground","flowType":"ELEMENTARY_FLOW","refUnit":"kg"},"unit":{"@type":"Unit","@id":"20aadc24-a391-41cf-b340-3e4529f44bde","name":"kg"},"flowProperty":{"@type":"FlowProperty","@id":"93a60a56-a3c8-11da-a746-0800200b9a66","name":"Mass","category":"Technical flow properties","refUnit":"kg"}},{"value":0.00133,"flow":{"@type":"Flow","@id":"4402f445-984c-4728-be22-6f9aea1146b9","name":"Pumice","category":"Elementary flows/Resource/in ground","flowType":"ELEMENTARY_FLOW","refUnit":"kg"},"unit":{"@type":"Unit","@id":"20aadc24-a391-41cf-b340-3e4529f44bde","name":"kg"},"flowProperty":{"@type":"FlowProperty","@id":"93a60a56-a3c8-11da-a746-0800200b9a66","name":"Mass","category":"Technical flow properties","refUnit":"kg"}},{"value":0.457,"flow":{"@type":"Flow","@id":"88d06db9-59a1-4719-9174-afeb1fa4026a","name":"Oil, crude","category":"Elementary flows/Resource/in ground","flowType":"ELEMENTARY_FLOW","refUnit":"kg"},"unit":{"@type":"Unit","@id":"20aadc24-a391-41cf-b340-3e4529f44bde","name":"kg"},"flowProperty":{"@type":"FlowProperty","@id":"93a60a56-a3c8-11da-a746-0800200b9a66","name":"Mass","category":"Technical flow properties","refUnit":"kg"}},{"value":35.4,"flow":{"@type":"Flow","@id":"361a64cb-ab76-4a72-9ea1-c07d6a20c124","name":"Silver, in ground","category":"Elementary flows/Resource/in ground","flowType":"ELEMENTARY_FLOW","refUnit":"kg"},"unit":{"@type":"Unit","@id":"20aadc24-a391-41cf-b340-3e4529f44bde","name":"kg"},"flowProperty":{"@type":"FlowProperty","@id":"93a60a56-a3c8-11da-a746-0800200b9a66","name":"Mass","category":"Technical flow properties","refUnit":"kg"}},{"value":3.07,"flow":{"@type":"Flow","@id":"5f47f918-1c32-5870-b992-db91f843ff34","name":"Selenium, in ground","category":"Elementary flows/Resource/in ground","flowType":"ELEMENTARY_FLOW","refUnit":"kg"},"unit":{"@type":"Unit","@id":"20aadc24-a391-41cf-b340-3e4529f44bde","name":"kg"},"flowProperty":{"@type":"FlowProperty","@id":"93a60a56-a3c8-11da-a746-0800200b9a66","name":"Mass","category":"Technical flow properties","refUnit":"kg"}},{"value":0.0267,"flow":{"@type":"Flow","@id":"094ded20-e873-4338-8d81-b570a1d65acc","name":"Boron","category":"Elementary flows/Resource/in ground","flowType":"ELEMENTARY_FLOW","refUnit":"kg"},"unit":{"@type":"Unit","@id":"20aadc24-a391-41cf-b340-3e4529f44bde","name":"kg"},"flowProperty":{"@type":"FlowProperty","@id":"93a60a56-a3c8-11da-a746-0800200b9a66","name":"Mass","category":"Technical flow properties","refUnit":"kg"}},{"value":1.12,"flow":{"@type":"Flow","@id":"5324b57a-96f1-4dc3-9dc5-544881960f4f","name":"Spodumene","category":"Elementary flows/Resource/in ground","flowType":"ELEMENTARY_FLOW","refUnit":"kg"},"unit":{"@type":"Unit","@id":"20aadc24-a391-41cf-b340-3e4529f44bde","name":"kg"},"flowProperty":{"@type":"FlowProperty","@id":"93a60a56-a3c8-11da-a746-0800200b9a66","name":"Mass","category":"Technical flow properties","refUnit":"kg"}},{"value":22.3,"flow":{"@type":"Flow","@id":"7dd9deeb-fd76-37c9-9bba-4418d9f830de","name":"Hafnium","category":"Elementary flows/Resource/in ground","flowType":"ELEMENTARY_FLOW","refUnit":"kg"},"unit":{"@type":"Unit","@id":"20aadc24-a391-41cf-b340-3e4529f44bde","name":"kg"},"flowProperty":{"@type":"FlowProperty","@id":"93a60a56-a3c8-11da-a746-0800200b9a66","name":"Mass","category":"Technical flow properties","refUnit":"kg"}}],"parameters":[]}