{"@type":"Flow","@id":"02eb30a8-ed7c-456b-a1fe-2cdffea4fb8d","name":"Carbaryl","description":"EcoSpold 2 elementary exchange, ID \u003d 02eb30a8-ed7c-456b-a1fe-2cdffea4fb8d","category":"Elementary flows/Emission to air/low population density","version":"00.00.000","flowType":"ELEMENTARY_FLOW","cas":"","formula":"","isInfrastructureFlow":false,"flowProperties":[{"@type":"FlowPropertyFactor","isRefFlowProperty":true,"flowProperty":{"@type":"FlowProperty","@id":"93a60a56-a3c8-11da-a746-0800200b9a66","name":"Mass","category":"Technical flow properties","refUnit":"kg"},"conversionFactor":1.0}]}