{"@type":"Flow","@id":"0555dc8e-d8b3-4da1-afaa-a2144758d590","name":"Acenaphthene","description":"","category":"Elementary flows/Emission to air/low population density, long-term","version":"00.00.000","flowType":"ELEMENTARY_FLOW","cas":"000083-32-9","formula":"C12H10","isInfrastructureFlow":false,"flowProperties":[{"@type":"FlowPropertyFactor","isRefFlowProperty":true,"flowProperty":{"@type":"FlowProperty","@id":"93a60a56-a3c8-11da-a746-0800200b9a66","name":"Mass","category":"Technical flow properties","refUnit":"kg"},"conversionFactor":1.0}]}