{"@type":"Flow","@id":"0605e241-ce98-4c10-8c61-d0a1775cdcb0","name":"Benzo(ghi)perylene","description":"EcoSpold 2 elementary exchange, ID \u003d 0605e241-ce98-4c10-8c61-d0a1775cdcb0","category":"Elementary flows/Emission to air/unspecified","version":"00.00.000","flowType":"ELEMENTARY_FLOW","cas":"","formula":"","isInfrastructureFlow":false,"flowProperties":[{"@type":"FlowPropertyFactor","isRefFlowProperty":true,"flowProperty":{"@type":"FlowProperty","@id":"93a60a56-a3c8-11da-a746-0800200b9a66","name":"Mass","category":"Technical flow properties","refUnit":"kg"},"conversionFactor":1.0}]}