{"@type":"Flow","@id":"0fecb735-f93d-3d6d-b559-6ab1dc284568","name":"Cadmium II","description":"EcoSpold 2 elementary exchange, ID \u003d 1c5a7322-9261-4d59-a692-adde6c12de92","category":"Elementary flows/Emission to air/unspecified","version":"00.00.000","flowType":"ELEMENTARY_FLOW","cas":"22537-48-0","formula":"Cd+2","synonyms":"cadmium ion; cadmium; cadmium (2+)","isInfrastructureFlow":false,"flowProperties":[{"@type":"FlowPropertyFactor","isRefFlowProperty":true,"flowProperty":{"@type":"FlowProperty","@id":"93a60a56-a3c8-11da-a746-0800200b9a66","name":"Mass","category":"Technical flow properties","refUnit":"kg"},"conversionFactor":1.0}]}