{"@type":"Flow","@id":"10e38581-58c8-4b27-85a4-6db6a83286ba","name":"Monochloroethane","description":"","category":"Elementary flows/Emission to air/low population density, long-term","version":"00.00.000","flowType":"ELEMENTARY_FLOW","cas":"000075-00-3","formula":"C2H5Cl","isInfrastructureFlow":false,"flowProperties":[{"@type":"FlowPropertyFactor","isRefFlowProperty":true,"flowProperty":{"@type":"FlowProperty","@id":"93a60a56-a3c8-11da-a746-0800200b9a66","name":"Mass","category":"Technical flow properties","refUnit":"kg"},"conversionFactor":1.0}]}