{"@type":"Flow","@id":"16eeda8a-1ea2-408e-ab37-2648495058dd","name":"Carbon dioxide, fossil","description":"","category":"Elementary flows/Emission to air/lower stratosphere + upper troposphere","version":"00.00.000","flowType":"ELEMENTARY_FLOW","cas":"000124-38-9","formula":"CO2","isInfrastructureFlow":false,"flowProperties":[{"@type":"FlowPropertyFactor","isRefFlowProperty":true,"flowProperty":{"@type":"FlowProperty","@id":"93a60a56-a3c8-11da-a746-0800200b9a66","name":"Mass","category":"Technical flow properties","refUnit":"kg"},"conversionFactor":1.0}]}