{"@type":"Flow","@id":"18ea247b-edc2-43fe-89bd-cedd04102bcc","name":"Methane, monochloro-, R-40","description":"","category":"Elementary flows/Emission to air/unspecified","version":"00.00.000","flowType":"ELEMENTARY_FLOW","cas":"000074-87-3","formula":"CH3Cl","isInfrastructureFlow":false,"flowProperties":[{"@type":"FlowPropertyFactor","isRefFlowProperty":true,"flowProperty":{"@type":"FlowProperty","@id":"93a60a56-a3c8-11da-a746-0800200b9a66","name":"Mass","category":"Technical flow properties","refUnit":"kg"},"conversionFactor":1.0}]}