{"@type":"Flow","@id":"27f61651-96a5-45c7-9873-832626cf6905","name":"Ethane, 2-chloro-1,1,1,2-tetrafluoro-, HCFC-124","description":"","category":"Elementary flows/Emission to air/high population density","version":"00.00.000","flowType":"ELEMENTARY_FLOW","cas":"002837-89-0","formula":"C2HClF4","isInfrastructureFlow":false,"flowProperties":[{"@type":"FlowPropertyFactor","isRefFlowProperty":true,"flowProperty":{"@type":"FlowProperty","@id":"93a60a56-a3c8-11da-a746-0800200b9a66","name":"Mass","category":"Technical flow properties","refUnit":"kg"},"conversionFactor":1.0}]}