{"@type":"Flow","@id":"2a51889e-9264-45df-9753-64c25a755d9e","name":"Ethene, chloro-","description":"","category":"Elementary flows/Emission to air/unspecified","version":"00.00.000","flowType":"ELEMENTARY_FLOW","cas":"000075-01-4","formula":"CH2CHCl","isInfrastructureFlow":false,"flowProperties":[{"@type":"FlowPropertyFactor","isRefFlowProperty":true,"flowProperty":{"@type":"FlowProperty","@id":"93a60a56-a3c8-11da-a746-0800200b9a66","name":"Mass","category":"Technical flow properties","refUnit":"kg"},"conversionFactor":1.0}]}