{"@type":"Flow","@id":"2cbc6042-2cee-4668-8017-d7f805d9029e","name":"Ethane, 2,2-dichloro-1,1,1-trifluoro-, HCFC-123","description":"","category":"Elementary flows/Emission to air/low population density","version":"00.00.000","flowType":"ELEMENTARY_FLOW","cas":"000306-83-2","formula":"C2HCl2F3","isInfrastructureFlow":false,"flowProperties":[{"@type":"FlowPropertyFactor","isRefFlowProperty":true,"flowProperty":{"@type":"FlowProperty","@id":"93a60a56-a3c8-11da-a746-0800200b9a66","name":"Mass","category":"Technical flow properties","refUnit":"kg"},"conversionFactor":1.0}]}