{"@type":"Flow","@id":"31a3e44c-4098-461e-aba2-f79540e05087","name":"Methane, dichlorodifluoro-, CFC-12","description":"","category":"Elementary flows/Emission to air/high population density","version":"00.00.000","flowType":"ELEMENTARY_FLOW","cas":"000075-71-8","formula":"CCl2F2","isInfrastructureFlow":false,"flowProperties":[{"@type":"FlowPropertyFactor","isRefFlowProperty":true,"flowProperty":{"@type":"FlowProperty","@id":"93a60a56-a3c8-11da-a746-0800200b9a66","name":"Mass","category":"Technical flow properties","refUnit":"kg"},"conversionFactor":1.0}]}