{"@type":"Flow","@id":"34f18170-9aca-4025-a4ab-d9aaf261b391","name":"t-Butyl methyl ether","description":"","category":"Elementary flows/Emission to air/low population density, long-term","version":"00.00.000","flowType":"ELEMENTARY_FLOW","cas":"001634-04-4","formula":"C5H12O","isInfrastructureFlow":false,"flowProperties":[{"@type":"FlowPropertyFactor","isRefFlowProperty":true,"flowProperty":{"@type":"FlowProperty","@id":"93a60a56-a3c8-11da-a746-0800200b9a66","name":"Mass","category":"Technical flow properties","refUnit":"kg"},"conversionFactor":1.0}]}