{"@type":"Flow","@id":"375bc95e-6596-4aa1-9716-80ff51b9da77","name":"Carbon dioxide, to soil or biomass stock","description":"EcoSpold 2 elementary exchange, ID \u003d 375bc95e-6596-4aa1-9716-80ff51b9da77","category":"Elementary flows/Emission to soil/unspecified","version":"00.00.000","flowType":"ELEMENTARY_FLOW","cas":"","formula":"","isInfrastructureFlow":false,"flowProperties":[{"@type":"FlowPropertyFactor","isRefFlowProperty":true,"flowProperty":{"@type":"FlowProperty","@id":"93a60a56-a3c8-11da-a746-0800200b9a66","name":"Mass","category":"Technical flow properties","refUnit":"kg"},"conversionFactor":1.0}]}