{"@type":"Flow","@id":"47262180-8308-5d4c-9332-c77617e032ef","name":"Antimony, in ground","description":"EcoSpold 2 elementary exchange, ID \u003d 47262180-8308-5d4c-9332-c77617e032ef","category":"Elementary flows/Resource/in ground","version":"00.00.000","flowType":"ELEMENTARY_FLOW","cas":"","formula":"","isInfrastructureFlow":false,"flowProperties":[{"@type":"FlowPropertyFactor","isRefFlowProperty":true,"flowProperty":{"@type":"FlowProperty","@id":"93a60a56-a3c8-11da-a746-0800200b9a66","name":"Mass","category":"Technical flow properties","refUnit":"kg"},"conversionFactor":1.0}]}