{"@type":"Flow","@id":"4d479616-676f-4db1-8b3a-c14edbdbafc0","name":"Dioxin, 2,3,7,8 Tetrachlorodibenzo-p-","description":"","category":"Elementary flows/Emission to water/ground water","version":"00.00.000","flowType":"ELEMENTARY_FLOW","cas":"001746-01-6","formula":"","isInfrastructureFlow":false,"flowProperties":[{"@type":"FlowPropertyFactor","isRefFlowProperty":true,"flowProperty":{"@type":"FlowProperty","@id":"93a60a56-a3c8-11da-a746-0800200b9a66","name":"Mass","category":"Technical flow properties","refUnit":"kg"},"conversionFactor":1.0}]}