{"@type":"Flow","@id":"54b9cbd0-65df-4fd3-8a19-dd3b8eccc619","name":"Mercury, in ground","description":"EcoSpold 2 elementary exchange, ID \u003d 54b9cbd0-65df-4fd3-8a19-dd3b8eccc619","category":"Elementary flows/Resource/in ground","version":"00.00.000","flowType":"ELEMENTARY_FLOW","cas":"","formula":"","isInfrastructureFlow":false,"flowProperties":[{"@type":"FlowPropertyFactor","isRefFlowProperty":true,"flowProperty":{"@type":"FlowProperty","@id":"93a60a56-a3c8-11da-a746-0800200b9a66","name":"Mass","category":"Technical flow properties","refUnit":"kg"},"conversionFactor":1.0}]}