{"@type":"Flow","@id":"5ba98eff-ca29-42cd-80b4-d978c98b901e","name":"Trifluralin","description":"EcoSpold 2 elementary exchange, ID \u003d 5ba98eff-ca29-42cd-80b4-d978c98b901e","category":"Elementary flows/Emission to water/surface water","version":"00.00.000","flowType":"ELEMENTARY_FLOW","cas":"1582-09-8","formula":"C13H16F3N3O4","synonyms":"alpha,alpha,alpha,-trifluoro-2,6-dinitro-n,n-dipropyl-p-toluidine; 2,6-dinitro-n,n-dipropyl-4-(trifluoromethyl)aniline","isInfrastructureFlow":false,"flowProperties":[{"@type":"FlowPropertyFactor","isRefFlowProperty":true,"flowProperty":{"@type":"FlowProperty","@id":"93a60a56-a3c8-11da-a746-0800200b9a66","name":"Mass","category":"Technical flow properties","refUnit":"kg"},"conversionFactor":1.0}]}