{"@type":"Flow","@id":"60d424f7-d5a9-4549-9540-da06684bc3bb","name":"Carbon dioxide, to soil or biomass stock","description":"","category":"Elementary flows/Emission to soil/industrial","version":"00.00.000","flowType":"ELEMENTARY_FLOW","cas":"","formula":"","isInfrastructureFlow":false,"flowProperties":[{"@type":"FlowPropertyFactor","isRefFlowProperty":true,"flowProperty":{"@type":"FlowProperty","@id":"93a60a56-a3c8-11da-a746-0800200b9a66","name":"Mass","category":"Technical flow properties","refUnit":"kg"},"conversionFactor":1.0}]}