{"@type":"Flow","@id":"68b9b577-90cf-49e4-88bb-a55d80f3ac5d","name":"Carbon monoxide, from soil or biomass stock","description":"EcoSpold 2 elementary exchange, ID \u003d 68b9b577-90cf-49e4-88bb-a55d80f3ac5d","category":"Elementary flows/Emission to air/low population density","version":"00.00.000","flowType":"ELEMENTARY_FLOW","cas":"","formula":"","isInfrastructureFlow":false,"flowProperties":[{"@type":"FlowPropertyFactor","isRefFlowProperty":true,"flowProperty":{"@type":"FlowProperty","@id":"93a60a56-a3c8-11da-a746-0800200b9a66","name":"Mass","category":"Technical flow properties","refUnit":"kg"},"conversionFactor":1.0}]}