{"@type":"Flow","@id":"6c34456e-59ca-465a-90a5-4583dba1a5e7","name":"Propylene oxide","description":"","category":"Elementary flows/Emission to air/low population density, long-term","version":"00.00.000","flowType":"ELEMENTARY_FLOW","cas":"000075-56-9","formula":"C3H6O","isInfrastructureFlow":false,"flowProperties":[{"@type":"FlowPropertyFactor","isRefFlowProperty":true,"flowProperty":{"@type":"FlowProperty","@id":"93a60a56-a3c8-11da-a746-0800200b9a66","name":"Mass","category":"Technical flow properties","refUnit":"kg"},"conversionFactor":1.0}]}