{"@type":"Flow","@id":"77baca1e-1fb6-49f0-8799-c37f3c31debb","name":"Chloromethane","description":"EcoSpold 2 elementary exchange, ID \u003d 77baca1e-1fb6-49f0-8799-c37f3c31debb","category":"Elementary flows/Emission to air/unspecified","version":"00.00.000","flowType":"ELEMENTARY_FLOW","cas":"74-87-3","formula":"CH3Cl","synonyms":"methylchloride","isInfrastructureFlow":false,"flowProperties":[{"@type":"FlowPropertyFactor","isRefFlowProperty":true,"flowProperty":{"@type":"FlowProperty","@id":"93a60a56-a3c8-11da-a746-0800200b9a66","name":"Mass","category":"Technical flow properties","refUnit":"kg"},"conversionFactor":1.0}]}