{"@type":"Flow","@id":"856f0506-79b3-42c1-8faa-3e9f8699c28d","name":"Hexane","description":"","category":"Elementary flows/Emission to water/unspecified","version":"00.00.000","flowType":"ELEMENTARY_FLOW","cas":"000110-54-3","formula":"C6H14","isInfrastructureFlow":false,"flowProperties":[{"@type":"FlowPropertyFactor","isRefFlowProperty":true,"flowProperty":{"@type":"FlowProperty","@id":"93a60a56-a3c8-11da-a746-0800200b9a66","name":"Mass","category":"Technical flow properties","refUnit":"kg"},"conversionFactor":1.0}]}