{"@type":"Flow","@id":"8ae4d8bb-3e4b-4825-8325-94696d7a64fd","name":"Carbon dioxide, to soil or biomass stock","description":"","category":"Elementary flows/Emission to soil/forestry","version":"00.00.000","flowType":"ELEMENTARY_FLOW","cas":"","formula":"","isInfrastructureFlow":false,"flowProperties":[{"@type":"FlowPropertyFactor","isRefFlowProperty":true,"flowProperty":{"@type":"FlowProperty","@id":"93a60a56-a3c8-11da-a746-0800200b9a66","name":"Mass","category":"Technical flow properties","refUnit":"kg"},"conversionFactor":1.0}]}