{"@type":"Flow","@id":"928f64ab-0d84-4923-802f-1fa42ea251f2","name":"Folpet","description":"EcoSpold 2 elementary exchange, ID \u003d 928f64ab-0d84-4923-802f-1fa42ea251f2","category":"Elementary flows/Emission to soil/agricultural","version":"00.00.000","flowType":"ELEMENTARY_FLOW","cas":"","formula":"","isInfrastructureFlow":false,"flowProperties":[{"@type":"FlowPropertyFactor","isRefFlowProperty":true,"flowProperty":{"@type":"FlowProperty","@id":"93a60a56-a3c8-11da-a746-0800200b9a66","name":"Mass","category":"Technical flow properties","refUnit":"kg"},"conversionFactor":1.0}]}