{"@type":"Flow","@id":"9cf9bf0e-86fe-42c0-90cc-bfed96fbdc8f","name":"Ethane, 1,1-difluoro-, HFC-152a","description":"","category":"Elementary flows/Emission to air/unspecified","version":"00.00.000","flowType":"ELEMENTARY_FLOW","cas":"000075-37-6","formula":"C2H4F2","isInfrastructureFlow":false,"flowProperties":[{"@type":"FlowPropertyFactor","isRefFlowProperty":true,"flowProperty":{"@type":"FlowProperty","@id":"93a60a56-a3c8-11da-a746-0800200b9a66","name":"Mass","category":"Technical flow properties","refUnit":"kg"},"conversionFactor":1.0}]}