{"@type":"Flow","@id":"9dc481e4-e4cd-4cb1-a03e-d539f774e958","name":"Acenaphthylene","description":"","category":"Elementary flows/Emission to water/ocean","version":"00.00.000","flowType":"ELEMENTARY_FLOW","cas":"000208-96-8","formula":"C12H8","isInfrastructureFlow":false,"flowProperties":[{"@type":"FlowPropertyFactor","isRefFlowProperty":true,"flowProperty":{"@type":"FlowProperty","@id":"93a60a56-a3c8-11da-a746-0800200b9a66","name":"Mass","category":"Technical flow properties","refUnit":"kg"},"conversionFactor":1.0}]}