{"@type":"Flow","@id":"a50cda7f-902e-3a80-8193-c3bc387fd052","name":"Lead II","description":"EcoSpold 2 elementary exchange, ID \u003d 31c4d160-b21e-41b3-b9c1-3d7a72377653","category":"Elementary flows/Emission to water/unspecified","version":"00.00.000","flowType":"ELEMENTARY_FLOW","cas":"14280-50-3","formula":"Pb+2","synonyms":"lead ion; lead (+2); lead","isInfrastructureFlow":false,"flowProperties":[{"@type":"FlowPropertyFactor","isRefFlowProperty":true,"flowProperty":{"@type":"FlowProperty","@id":"93a60a56-a3c8-11da-a746-0800200b9a66","name":"Mass","category":"Technical flow properties","refUnit":"kg"},"conversionFactor":1.0}]}