{"@type":"Flow","@id":"a9ac40a0-9bea-4c48-afa7-66aa6eb90624","name":"Copper, in ground","description":"EcoSpold 2 elementary exchange, ID \u003d a9ac40a0-9bea-4c48-afa7-66aa6eb90624","category":"Elementary flows/Resource/in ground","version":"00.00.000","flowType":"ELEMENTARY_FLOW","cas":"","formula":"","isInfrastructureFlow":false,"flowProperties":[{"@type":"FlowPropertyFactor","isRefFlowProperty":true,"flowProperty":{"@type":"FlowProperty","@id":"93a60a56-a3c8-11da-a746-0800200b9a66","name":"Mass","category":"Technical flow properties","refUnit":"kg"},"conversionFactor":1.0}]}