{"@type":"Flow","@id":"b03642f4-8fa3-44df-ba91-7bcf5677d9a7","name":"Cadmium","description":"","category":"Elementary flows/Emission to soil/forestry","version":"00.00.000","flowType":"ELEMENTARY_FLOW","cas":"007440-43-9","formula":"Cd","isInfrastructureFlow":false,"flowProperties":[{"@type":"FlowPropertyFactor","isRefFlowProperty":true,"flowProperty":{"@type":"FlowProperty","@id":"93a60a56-a3c8-11da-a746-0800200b9a66","name":"Mass","category":"Technical flow properties","refUnit":"kg"},"conversionFactor":1.0}]}