{"@type":"Flow","@id":"c3de45a3-e6fd-494e-aa85-d352b478e87b","name":"Acetamide","description":"EcoSpold 2 elementary exchange, ID \u003d c3de45a3-e6fd-494e-aa85-d352b478e87b","category":"Elementary flows/Emission to air/low population density","version":"00.00.000","flowType":"ELEMENTARY_FLOW","cas":"","formula":"","isInfrastructureFlow":false,"flowProperties":[{"@type":"FlowPropertyFactor","isRefFlowProperty":true,"flowProperty":{"@type":"FlowProperty","@id":"93a60a56-a3c8-11da-a746-0800200b9a66","name":"Mass","category":"Technical flow properties","refUnit":"kg"},"conversionFactor":1.0}]}