{"@type":"Flow","@id":"c888bc3f-0e23-3f62-81ed-5f3629c2722e","name":"VOC, volatile organic compounds","description":"EcoSpold 2 elementary exchange, ID \u003d 4ec70203-13b0-58cc-b4dd-2fcce8a96732","category":"Elementary flows/Emission to air/unspecified","version":"00.00.000","flowType":"ELEMENTARY_FLOW","cas":"","formula":"","synonyms":"vocs; voc; volatile organic compounds","isInfrastructureFlow":false,"flowProperties":[{"@type":"FlowPropertyFactor","isRefFlowProperty":true,"flowProperty":{"@type":"FlowProperty","@id":"93a60a56-a3c8-11da-a746-0800200b9a66","name":"Mass","category":"Technical flow properties","refUnit":"kg"},"conversionFactor":1.0}]}