{"@type":"Flow","@id":"cacfd448-6c2d-4061-9363-fd506b979f25","name":"Ethane, 1,1,2-trichloro-1,2,2-trifluoro-, CFC-113","description":"","category":"Elementary flows/Emission to air/unspecified","version":"00.00.000","flowType":"ELEMENTARY_FLOW","cas":"000076-13-1","formula":"C2Cl3F3","isInfrastructureFlow":false,"flowProperties":[{"@type":"FlowPropertyFactor","isRefFlowProperty":true,"flowProperty":{"@type":"FlowProperty","@id":"93a60a56-a3c8-11da-a746-0800200b9a66","name":"Mass","category":"Technical flow properties","refUnit":"kg"},"conversionFactor":1.0}]}