{"@type":"Flow","@id":"dbf49708-ee0c-44f2-8662-5edd89ad472b","name":"Beryllium","description":"","category":"Elementary flows/Emission to soil/unspecified","version":"00.00.000","flowType":"ELEMENTARY_FLOW","cas":"007440-41-7","formula":"Be","isInfrastructureFlow":false,"flowProperties":[{"@type":"FlowPropertyFactor","isRefFlowProperty":true,"flowProperty":{"@type":"FlowProperty","@id":"93a60a56-a3c8-11da-a746-0800200b9a66","name":"Mass","category":"Technical flow properties","refUnit":"kg"},"conversionFactor":1.0}]}