{"@type":"Flow","@id":"deb80fa5-4d0a-427e-9526-443f88d17b53","name":"Ethane, 1,2-dichloro-","description":"","category":"Elementary flows/Emission to water/unspecified","version":"00.00.000","flowType":"ELEMENTARY_FLOW","cas":"000107-06-2","formula":"C2H4Cl2","isInfrastructureFlow":false,"flowProperties":[{"@type":"FlowPropertyFactor","isRefFlowProperty":true,"flowProperty":{"@type":"FlowProperty","@id":"93a60a56-a3c8-11da-a746-0800200b9a66","name":"Mass","category":"Technical flow properties","refUnit":"kg"},"conversionFactor":1.0}]}