{"@type":"Flow","@id":"e16fd15c-0ebc-55ba-8d3b-9704f13663cb","name":"Arsenic, in ground","description":"EcoSpold 2 elementary exchange, ID \u003d e16fd15c-0ebc-55ba-8d3b-9704f13663cb","category":"Elementary flows/Resource/in ground","version":"00.00.000","flowType":"ELEMENTARY_FLOW","cas":"","formula":"","isInfrastructureFlow":false,"flowProperties":[{"@type":"FlowPropertyFactor","isRefFlowProperty":true,"flowProperty":{"@type":"FlowProperty","@id":"93a60a56-a3c8-11da-a746-0800200b9a66","name":"Mass","category":"Technical flow properties","refUnit":"kg"},"conversionFactor":1.0}]}