{"@type":"Flow","@id":"ea348137-f175-4ec7-a6a8-a4854260659a","name":"Carbaryl","description":"EcoSpold 2 elementary exchange, ID \u003d ea348137-f175-4ec7-a6a8-a4854260659a","category":"Elementary flows/Emission to water/ground water","version":"00.00.000","flowType":"ELEMENTARY_FLOW","cas":"","formula":"","isInfrastructureFlow":false,"flowProperties":[{"@type":"FlowPropertyFactor","isRefFlowProperty":true,"flowProperty":{"@type":"FlowProperty","@id":"93a60a56-a3c8-11da-a746-0800200b9a66","name":"Mass","category":"Technical flow properties","refUnit":"kg"},"conversionFactor":1.0}]}